"Event Date","Serial Killer Name","Serial Killer Profile URL","Event Type","Year of Event"
"12/01/1919","Bill Doi","https://skdb.fandom.com/wiki/Bill_Doi","Birth","1919"
"12/01/1946","Robert Breton","https://skdb.fandom.com/wiki/Robert_Breton","Birth","1946"
"12/01/1959","Luis Raúl Menocchio","https://skdb.fandom.com/wiki/Luis_Ra%C3%BAl_Menocchio","Birth","1959"
"12/01/1965","Gholamreza Khoshroo Kurdieh","https://skdb.fandom.com/wiki/Gholamreza_Khoshroo_Kurdieh","Birth","1965"
"12/01/1986","Johnny Avalos","https://skdb.fandom.com/wiki/Johnny_Avalos","Birth","1986"
"12/02/1951","Wilson Chouest","https://skdb.fandom.com/wiki/Wilson_Chouest","Birth","1951"
"12/03/1949","Fernando Caro","https://skdb.fandom.com/wiki/Fernando_Caro","Birth","1949"
"12/03/1957","José Antonio Rodríguez Vega","https://skdb.fandom.com/wiki/Jos%C3%A9_Antonio_Rodr%C3%ADguez_Vega","Birth","1957"
"12/03/1961","Wayne Adam Ford","https://skdb.fandom.com/wiki/Wayne_Adam_Ford","Birth","1961"
"12/03/1963","Scott Williams","https://skdb.fandom.com/wiki/Scott_Williams","Birth","1963"
"12/03/1972","Alexander Artyomov","https://skdb.fandom.com/wiki/Alexander_Artyomov","Birth","1972"
"12/04/1867","Emil Schutte","https://skdb.fandom.com/wiki/Emil_Schutte","Birth","1867"
"12/04/1946","Billy Richardson","https://skdb.fandom.com/wiki/Billy_Richardson","Birth","1946"
"12/04/1960","Cesar Barone","https://skdb.fandom.com/wiki/Cesar_Barone","Birth","1960"
"12/05/1956","Lê Thanh Vân","https://skdb.fandom.com/wiki/L%C3%AA_Thanh_V%C3%A2n","Birth","1956"
"12/05/1960","Kurt-Friedhelm Steinwegs","https://skdb.fandom.com/wiki/Kurt-Friedhelm_Steinwegs","Birth","1960"
"12/05/1972","Farit Gabidullin","https://skdb.fandom.com/wiki/Farit_Gabidullin","Birth","1972"
"12/05/1972","Timur Gabidullin","https://skdb.fandom.com/wiki/Timur_Gabidullin","Birth","1972"
"12/06/1825","Edward William Pritchard","https://skdb.fandom.com/wiki/Edward_William_Pritchard","Birth","1825"
"12/06/1941","Richard Speck","https://skdb.fandom.com/wiki/Richard_Speck","Birth","1941"
"12/06/1957","Dana Sue Gray","https://skdb.fandom.com/wiki/Dana_Sue_Gray","Birth","1957"
"12/06/1957","Darrell Samson","https://skdb.fandom.com/wiki/Darrell_Samson","Birth","1957"
"12/06/1974","Harvey Miguel Robinson","https://skdb.fandom.com/wiki/Harvey_Miguel_Robinson","Birth","1974"
"12/07/1968","Bradley Edwards","https://skdb.fandom.com/wiki/Bradley_Edwards","Birth","1968"
"12/08/1929","Richard Eberling","https://skdb.fandom.com/wiki/Richard_Eberling","Birth","1929"
"12/08/1932","Rudy Bladel","https://skdb.fandom.com/wiki/BLADEL_Rudy","Birth","1932"
"12/08/1965","Loren Herzog","https://skdb.fandom.com/wiki/Loren_Herzog","Birth","1965"
"12/08/1969","Li Guangjun","https://skdb.fandom.com/wiki/Li_Guangjun","Birth","1969"
"12/08/1972","Billy Chemirmir","https://skdb.fandom.com/wiki/Billy_Chemirmir","Birth","1972"
"12/08/1972","Dmitry Golubev","https://skdb.fandom.com/wiki/Dmitry_Golubev","Birth","1972"
"12/09/1944","Harry Greenwell","https://skdb.fandom.com/wiki/Harry_Greenwell","Birth","1944"
"12/09/1947","James Edward Wood","https://skdb.fandom.com/wiki/James_Edward_Wood","Birth","1947"
"12/09/1959","John Martin Scripps","https://skdb.fandom.com/wiki/John_Martin_Scripps","Birth","1959"
"12/09/1986","Nicholas Brent Gibson","https://skdb.fandom.com/wiki/Nicholas_Brent_Gibson","Birth","1986"
"12/10/1748","Luísa de Jesus","https://skdb.fandom.com/wiki/Lu%C3%ADsa_de_Jesus","Birth","1748"
"12/10/1874","William Coffey","https://skdb.fandom.com/wiki/William_Coffey","Birth","1874"
"12/10/1927","Harvey Glatman","https://skdb.fandom.com/wiki/Harvey_Glatman","Birth","1927"
"12/10/1946","Robert Breton","https://skdb.fandom.com/wiki/Robert_Breton","Birth","1946"
"12/10/1977","Rocky Beamon","https://skdb.fandom.com/wiki/Rocky_Beamon","Birth","1977"
"12/11/1935","Joseph Kallinger","https://skdb.fandom.com/wiki/Joseph_Kallinger","Birth","1935"
"12/11/1944","Dámaso Rodríguez Martín","https://skdb.fandom.com/wiki/D%C3%A1maso_Rodr%C3%ADguez_Mart%C3%ADn","Birth","1944"
"12/11/1952","Robert Boyd Rhoades","https://skdb.fandom.com/wiki/Robert_Boyd_Rhoades","Birth","1952"
"12/11/1955","Joaquín Villalón Díez","https://skdb.fandom.com/wiki/Joaqu%C3%ADn_Villal%C3%B3n_D%C3%ADez","Birth","1955"
"12/11/1959","Reuben Smith","https://skdb.fandom.com/wiki/Reuben_Smith","Birth","1959"
"12/11/1962","Larry Hall","https://skdb.fandom.com/wiki/Larry_Hall","Birth","1962"
"12/11/1971","James David Martin","https://skdb.fandom.com/wiki/James_David_Martin","Birth","1971"
"12/11/1980","Peter Barber","https://skdb.fandom.com/wiki/Peter_Barber","Death","1980"
"12/12/1899","Arnold Sodeman","https://skdb.fandom.com/wiki/Arnold_Sodeman","Birth","1899"
"12/12/1917","Eddie Leonski","https://skdb.fandom.com/wiki/Eddie_Leonski","Birth","1917"
"12/12/1931","Gilbert Paul Jordan","https://skdb.fandom.com/wiki/Gilbert_Paul_Jordan","Birth","1931"
"12/12/1934","Dick Marquette","https://skdb.fandom.com/wiki/Dick_Marquette","Birth","1934"
"12/12/1945","José Paz Bezerra","https://skdb.fandom.com/wiki/Jos%C3%A9_Paz_Bezerra","Birth","1945"
"12/12/1946","Richard Allen Jensen","https://skdb.fandom.com/wiki/Richard_Allen_Jensen","Birth","1946"
"12/12/1952","Ahmad Suradji","https://skdb.fandom.com/wiki/Ahmad_Suradji","Birth","1952"
"12/12/1954","Dorothy Williams","https://skdb.fandom.com/wiki/Dorothy_Williams_(III)","Birth","1954"
"12/12/1963","José Victor Fortes","https://skdb.fandom.com/wiki/Jos%C3%A9_Victor_Fortes","Birth","1963"
"12/12/1970","Martin Ney","https://skdb.fandom.com/wiki/Martin_Ney","Birth","1970"
"12/13/1863","Carl Großmann","https://skdb.fandom.com/wiki/Carl_Gro%C3%9Fmann","Birth","1863"
"12/13/1957","Garry Artman","https://skdb.fandom.com/wiki/Garry_Artman","Birth","1957"
"12/13/1963","Francisco Benitez","https://skdb.fandom.com/wiki/Francisco_Benitez","Birth","1963"
"12/14/1865","George Chapman","https://skdb.fandom.com/wiki/George_Chapman","Birth","1865"
"12/14/1901","Jake Bird","https://skdb.fandom.com/wiki/Jake_Bird","Birth","1901"
"12/14/1925","Akira Nishiguchi","https://skdb.fandom.com/wiki/Akira_Nishiguchi","Birth","1925"
"12/14/1954","Billy Lee Chadd","https://skdb.fandom.com/wiki/Billy_Lee_Chadd","Birth","1954"
"12/14/1961","Jorge Beltrão Negromonte da Silveira","https://skdb.fandom.com/wiki/Jorge_Beltr%C3%A3o_Negromonte_da_Silveira","Birth","1961"
"12/14/1966","Jerome Dennis","https://skdb.fandom.com/wiki/Jerome_Dennis","Birth","1966"
"12/14/1970","Steven Grieveson","https://skdb.fandom.com/wiki/Steven_Grieveson","Birth","1970"
"12/14/1981","Jesse Matthew","https://skdb.fandom.com/wiki/Jesse_Matthew","Birth","1981"
"12/15/1909","Ralph Von Braun Selz","https://skdb.fandom.com/wiki/Ralph_Von_Braun_Selz","Birth","1909"
"12/15/1950","Muthukutty Chandran","https://skdb.fandom.com/wiki/Muthukutty_Chandran","Birth","1950"
"12/16/1949","Koos Hertogs","https://skdb.fandom.com/wiki/Koos_Hertogs","Birth","1949"
"12/16/1971","Gustavo Romero Tercero","https://skdb.fandom.com/wiki/Gustavo_Romero_Tercero","Birth","1971"
"12/17/1914","Raymond Fernandez","https://skdb.fandom.com/wiki/Raymond_Fernandez","Birth","1914"
"12/17/1948","Stephen McCoy","https://skdb.fandom.com/wiki/Stephen_McCoy","Birth","1948"
"12/17/1954","Jerry Spraggins","https://skdb.fandom.com/wiki/Jerry_Spraggins","Birth","1954"
"12/17/1959","Frederick Hammer","https://skdb.fandom.com/wiki/Frederick_Hammer","Birth","1959"
"12/17/1961","Joseph Sutherland","https://skdb.fandom.com/wiki/Joseph_Sutherland","Birth","1961"
"12/17/1967","Simon Rochford","https://skdb.fandom.com/wiki/Simon_Rochford","Birth","1967"
"12/17/1975","Yevgeny Petrov","https://skdb.fandom.com/wiki/Yevgeny_Petrov","Birth","1975"
"12/18/1855","George Brassell","https://skdb.fandom.com/wiki/George_Brassell","Birth","1855"
"12/18/1867","Linda Hazzard","https://skdb.fandom.com/wiki/Linda_Hazzard","Birth","1867"
"12/18/1933","Arthur Leigh Allen","https://skdb.fandom.com/wiki/Arthur_Leigh_Allen","Birth","1933"
"12/18/1939","Paul Stine","https://skdb.fandom.com/wiki/Paul_Stine","Birth","1939"
"12/18/1940","James Winkles","https://skdb.fandom.com/wiki/James_Winkles","Birth","1940"
"12/18/1948","Ed Kemper","https://skdb.fandom.com/wiki/Ed_Kemper","Birth","1948"
"12/19/1953","William Choyce","https://skdb.fandom.com/wiki/William_Choyce","Birth","1953"
"12/20/1845","Sarah Makin","https://skdb.fandom.com/wiki/Sarah_Makin","Birth","1845"
"12/20/1972","Alexey Ryzhkov","https://skdb.fandom.com/wiki/Alexey_Ryzhkov","Birth","1972"
"12/20/1991","Timofey Podshivalov","https://skdb.fandom.com/wiki/Timofey_Podshivalov","Birth","1991"
"12/21/1952","Larry Eyler","https://skdb.fandom.com/wiki/Larry_Eyler","Birth","1952"
"12/21/1966","Oleg Rylkov","https://skdb.fandom.com/wiki/Oleg_Rylkov","Birth","1966"
"12/22/1936","Thaddeus Lewingdon","https://skdb.fandom.com/wiki/Thaddeus_Lewingdon","Birth","1936"
"12/22/1943","Robert Frederick Carr","https://skdb.fandom.com/wiki/Robert_Frederick_Carr","Birth","1943"
"12/22/1950","Earl Daughtrey","https://skdb.fandom.com/wiki/Earl_Daughtrey","Birth","1950"
"12/22/1962","Scott Erskine","https://skdb.fandom.com/wiki/Scott_Erskine","Birth","1962"
"12/22/1973","Nikolai Dudin","https://skdb.fandom.com/wiki/Nikolai_Dudin","Birth","1973"
"12/23/1799","Antonio Boggia","https://skdb.fandom.com/wiki/Antonio_Boggia","Birth","1799"
"12/23/1943","Terry Rasmussen","https://skdb.fandom.com/wiki/Terry_Rasmussen","Birth","1943"
"12/23/1964","Michael Fogt","https://skdb.fandom.com/wiki/Michael_Fogt","Birth","1964"
"12/24/1829","John Franklin Gilman","https://skdb.fandom.com/wiki/John_Franklin_Gilman","Birth","1829"
"12/24/1885","Elmer Helm","https://skdb.fandom.com/wiki/Elmer_Helm","Birth","1885"
"12/24/1939","Dean Corll","https://skdb.fandom.com/wiki/Dean_Corll","Birth","1939"
"12/24/1960","Charles Ng","https://skdb.fandom.com/wiki/Charles_Ng","Birth","1960"
"12/24/1969","Stephen Griffiths","https://skdb.fandom.com/wiki/Stephen_Griffiths","Birth","1969"
"12/24/1978","Yoni Palmier","https://skdb.fandom.com/wiki/Yoni_Palmier","Birth","1978"
"12/24/1979","James Vlassakis","https://skdb.fandom.com/wiki/James_Vlassakis","Birth","1979"
"12/24/1994","Brogan Rafferty","https://skdb.fandom.com/wiki/Brogan_Rafferty","Birth","1994"
"12/25/1974","Lao Rongzhi","https://skdb.fandom.com/wiki/Lao_Rongzhi","Birth","1974"
"12/25/1980","Aleksandr Rubel","https://skdb.fandom.com/wiki/Aleksandr_Rubel","Birth","1980"
"12/26/1950","Randall Woodfield","https://skdb.fandom.com/wiki/Randall_Woodfield","Birth","1950"
"12/26/1953","Margarita Sánchez Gutiérrez","https://skdb.fandom.com/wiki/Margarita_S%C3%A1nchez_Guti%C3%A9rrez","Birth","1953"
"12/26/1956","Lyle Brummett","https://skdb.fandom.com/wiki/Lyle_Brummett","Birth","1956"
"12/27/1943","John Robinson","https://skdb.fandom.com/wiki/John_Robinson","Birth","1943"
"12/27/1944","Ivan Milat","https://skdb.fandom.com/wiki/Ivan_Milat","Birth","1944"
"12/27/1957","Juana Barraza","https://skdb.fandom.com/wiki/Juana_Barraza","Birth","1957"
"12/28/1938","Anatoly Slivko","https://skdb.fandom.com/wiki/Anatoly_Slivko","Birth","1938"
"12/28/1945","Charles Gary Sullivan","https://skdb.fandom.com/wiki/Charles_Gary_Sullivan","Birth","1945"
"12/28/1952","Leon Means","https://skdb.fandom.com/wiki/Leon_Means","Birth","1952"
"12/28/1954","Tony Ables","https://skdb.fandom.com/wiki/Tony_Ables","Birth","1954"
"12/28/1954","Don Miller","https://skdb.fandom.com/wiki/Don_Miller","Birth","1954"
"12/28/1955","Vernon Lee Clark","https://skdb.fandom.com/wiki/Vernon_Lee_Clark","Birth","1955"
"12/28/1957","Thor Nis Christiansen","https://skdb.fandom.com/wiki/Thor_Nis_Christiansen","Birth","1957"
"12/28/1958","George Adorno","https://skdb.fandom.com/wiki/George_Adorno","Birth","1958"
"12/29/1911","Sadame Sugimura","https://skdb.fandom.com/wiki/Sadame_Sugimura","Birth","1911"
"12/29/1946","Werner Ferrari","https://skdb.fandom.com/wiki/Werner_Ferrari","Birth","1946"
"12/29/1962","Sergei Ryakhovsky","https://skdb.fandom.com/wiki/Sergei_Ryakhovsky","Birth","1962"
"12/29/1964","Aleksei Rjabkov","https://skdb.fandom.com/wiki/Aleksei_Rjabkov","Birth","1964"
"12/30/1914","Ray Copeland","https://skdb.fandom.com/wiki/Ray_Copeland","Birth","1914"
"12/30/1944","Michael Downes","https://skdb.fandom.com/wiki/Michael_Downes","Birth","1944"
"12/30/1947","Pierre Bodein","https://skdb.fandom.com/wiki/Pierre_Bodein","Birth","1947"
"12/30/1976","Niels Högel","https://skdb.fandom.com/wiki/Niels_H%C3%B6gel","Birth","1976"
"12/31/1950","Joseph Nissensohn","https://skdb.fandom.com/wiki/Joseph_Nissensohn","Birth","1950"
"12/31/1960","John Allen Muhammad","https://skdb.fandom.com/wiki/John_Allen_Muhammad","Birth","1960"
"12/31/1968","Jeong Du-yeong","https://skdb.fandom.com/wiki/Jeong_Du-yeong","Birth","1968"
"12/31/1986","Nicolae Vlad","https://skdb.fandom.com/wiki/Nicolae_Vlad","Birth","1986"
"","Robert Smallwood","https://skdb.fandom.com/wiki/Robert_Smallwood","Birth","1973"
"12/01/1939","Johann Eichhorn","https://skdb.fandom.com/wiki/Johann_Eichhorn","Death","1939"
"12/01/1968","Péter Kovács","https://skdb.fandom.com/wiki/P%C3%A9ter_Kov%C3%A1cs","Death","1968"
"12/01/2013","Walter E. Ellis","https://skdb.fandom.com/wiki/Walter_E._Ellis","Death","2013"
"12/02/1951","Hassan Orangi","https://skdb.fandom.com/wiki/Hassan_Orangi","Death","1951"
"12/02/2008","Vyacheslav Solovyov","https://skdb.fandom.com/wiki/Vyacheslav_Solovyov","Death","2008"
"12/02/2012","Israel Keyes","https://skdb.fandom.com/wiki/Israel_Keyes","Death","2012"
"12/03/1957","Harvey Collins","https://skdb.fandom.com/wiki/Harvey_Collins","Death","1957"
"12/03/1995","Gerard Schaefer","https://skdb.fandom.com/wiki/Gerard_Schaefer","Death","1995"
"12/03/2013","James Ray Cable","https://skdb.fandom.com/wiki/James_Ray_Cable","Death","2013"
"12/04/1977","Anjette Lyles","https://skdb.fandom.com/wiki/Anjette_Lyles","Death","1977"
"12/04/2005","Jesse Sumner","https://skdb.fandom.com/wiki/Jesse_Sumner","Death","2005"
"12/04/2012","Bradley Steckman","https://skdb.fandom.com/wiki/Bradley_Steckman","Death","2012"
"12/04/2021","Jack Bokin","https://skdb.fandom.com/wiki/Jack_Bokin","Death","2021"
"12/05/1679","Hirai Gonpachi","https://skdb.fandom.com/wiki/Hirai_Gonpachi","Death","1679"
"12/05/1831","John Bishop","https://skdb.fandom.com/wiki/John_Bishop","Death","1831"
"12/05/1831","Thomas Williams","https://skdb.fandom.com/wiki/Thomas_Williams","Death","1831"
"12/05/1962","Mary Elizabeth Wilson","https://skdb.fandom.com/wiki/Mary_Elizabeth_Wilson","Death","1962"
"12/05/1991","Richard Speck","https://skdb.fandom.com/wiki/Richard_Speck","Death","1991"
"12/05/2016","Zoltán Szabó","https://skdb.fandom.com/wiki/Zolt%C3%A1n_Szab%C3%B3","Death","2016"
"12/06/1901","T. J. Hampton","https://skdb.fandom.com/wiki/T._J._Hampton","Death","1901"
"12/06/1938","Martha Marek","https://skdb.fandom.com/wiki/Martha_Marek","Death","1938"
"12/06/1985","Carroll Cole","https://skdb.fandom.com/wiki/Carroll_Cole","Death","1985"
"12/06/2000","Daniel Hittle","https://skdb.fandom.com/wiki/Daniel_Hittle","Death","2000"
"12/07/1849","Delphine LaLaurie","https://skdb.fandom.com/wiki/Delphine_LaLaurie","Death","1849"
"12/07/1938","Anna Marie Hahn","https://skdb.fandom.com/wiki/Anna_Marie_Hahn","Death","1938"
"12/07/1984","Charles Ray Hatcher","https://skdb.fandom.com/wiki/Charles_Ray_Hatcher","Death","1984"
"12/07/2000","Edward Castro","https://skdb.fandom.com/wiki/Edward_Castro","Death","2000"
"12/07/2000","Bilal Musa","https://skdb.fandom.com/wiki/Bilal_Musa","Death","2000"
"12/07/2024","Darryl Kemp","https://skdb.fandom.com/wiki/Darryl_Kemp","Death","2024"
"12/08/1944","Edward Heberling","https://skdb.fandom.com/wiki/Edward_Heberling","Death","1944"
"12/08/1973","Yuri Raevsky","https://skdb.fandom.com/wiki/Yuri_Raevsky","Death","1973"
"12/08/1999","David Martin Long","https://skdb.fandom.com/wiki/David_Martin_Long","Death","1999"
"12/09/1988","Sek Kim Wah","https://skdb.fandom.com/wiki/Sek_Kim_Wah","Death","1988"
"12/09/2003","Carol Bundy","https://skdb.fandom.com/wiki/Carol_Bundy","Death","2003"
"12/09/2007","Curtis Anderson","https://skdb.fandom.com/wiki/Curtis_Anderson","Death","2007"
"12/09/2007","Harold Meade","https://skdb.fandom.com/wiki/Harold_Meade","Death","2007"
"12/09/2011","Roger Herbert Haglund","https://skdb.fandom.com/wiki/Roger_Herbert_Haglund","Death","2011"
"12/10/1847","Hendrikje Doelen","https://skdb.fandom.com/wiki/Hendrikje_Doelen","Death","1847"
"12/10/1957","Charles Clément","https://skdb.fandom.com/wiki/Charles_Cl%C3%A9ment","Death","1957"
"12/10/2000","Sergey Maduev","https://skdb.fandom.com/wiki/Sergey_Maduev","Death","2000"
"12/11/1970","Akira Nishiguchi","https://skdb.fandom.com/wiki/Akira_Nishiguchi","Death","1970"
"12/11/2007","José Luis Calva","https://skdb.fandom.com/wiki/Jos%C3%A9_Luis_Calva","Death","2007"
"12/11/2012","Manuel Pardo","https://skdb.fandom.com/wiki/Manuel_Pardo","Death","2012"
"12/12/1933","Martin Gray","https://skdb.fandom.com/wiki/Martin_Gray","Death","1933"
"12/12/1954","Piroska Jancsó-Ladányi","https://skdb.fandom.com/wiki/Piroska_Jancs%C3%B3-Lad%C3%A1nyi","Death","1954"
"12/12/1988","Bruce Davis","https://skdb.fandom.com/wiki/Bruce_Davis","Death","1988"
"12/12/1990","Arthur Gatter","https://skdb.fandom.com/wiki/Arthur_Gatter","Death","1990"
"12/12/2003","Robert Stansbury","https://skdb.fandom.com/wiki/Robert_Stansbury","Death","2003"
"12/13/2006","Ángel Nieves Díaz","https://skdb.fandom.com/wiki/%C3%81ngel_Nieves_D%C3%ADaz","Death","2006"
"12/13/2019","Lawrence Bittaker","https://skdb.fandom.com/wiki/Lawrence_Bittaker","Death","2019"
"12/14/1863","Manuel Blanco Romasanta","https://skdb.fandom.com/wiki/Manuel_Blanco_Romasanta","Death","1863"
"12/15/1969","Hans Wilhelm Bassenauer","https://skdb.fandom.com/wiki/Hans_Wilhelm_Bassenauer","Death","1969"
"12/15/1969","Hermann Duft","https://skdb.fandom.com/wiki/Hermann_Duft","Death","1969"
"12/15/2017","Alan Wilmer","https://skdb.fandom.com/wiki/Alan_Wilmer","Death","2017"
"12/15/2020","Roscoe Artis","https://skdb.fandom.com/wiki/Roscoe_Artis","Death","2020"
"12/16/1968","Bogdan Arnold","https://skdb.fandom.com/wiki/Bogdan_Arnold","Death","1968"
"12/16/1993","David Mark Pruett","https://skdb.fandom.com/wiki/David_Mark_Pruett","Death","1993"
"12/16/2010","Ramadan Abdel Rehim Mansour","https://skdb.fandom.com/wiki/Ramadan_Abdel_Rehim_Mansour","Death","2010"
"12/16/2020","Richard Valenti","https://skdb.fandom.com/wiki/Richard_Valenti","Death","2020"
"12/17/1975","Karl Svensson-Sjögren","https://skdb.fandom.com/wiki/Karl_Svensson-Sj%C3%B6gren","Death","1975"
"12/17/2006","Lorenzo Montoya","https://skdb.fandom.com/wiki/Lorenzo_Montoya","Death","2006"
"12/17/2020","Donato Bilancia","https://skdb.fandom.com/wiki/Donato_Bilancia","Death","2020"
"12/18/1974","Paul John Knowles","https://skdb.fandom.com/wiki/Paul_John_Knowles","Death","1974"
"12/18/2011","Donald Neilson","https://skdb.fandom.com/wiki/Donald_Neilson","Death","2011"
"12/18/2020","Vaughn Greenwood","https://skdb.fandom.com/wiki/Vaughn_Greenwood","Death","2020"
"12/18/2023","Lao Rongzhi","https://skdb.fandom.com/wiki/Lao_Rongzhi","Death","2023"
"12/19/1924","Noah Arnold","https://skdb.fandom.com/wiki/Noah_Arnold","Death","1924"
"12/19/2020","Dorothy Williams","https://skdb.fandom.com/wiki/Dorothy_Williams_(III)","Death","2020"
"12/19/2023","Claude Lastennet","https://skdb.fandom.com/wiki/Claude_Lastennet","Death","2023"
"12/20/1998","Danny Figueroa","https://skdb.fandom.com/wiki/Danny_Figueroa","Death","1998"
"12/20/2010","Mahin Qadiri","https://skdb.fandom.com/wiki/Mahin_Qadiri","Death","2010"
"12/21/1861","Ane Cathrine Andersdatter","https://skdb.fandom.com/wiki/Ane_Cathrine_Andersdatter","Death","1861"
"12/22/1924","Karl Denke","https://skdb.fandom.com/wiki/Karl_Denke","Death","1924"
"12/22/2015","Billy Glaze","https://skdb.fandom.com/wiki/Billy_Glaze","Death","2015"
"12/23/1909","Poral Stefoff","https://skdb.fandom.com/wiki/Poral_Stefoff","Death","1909"
"12/23/1999","Dallen Bounds","https://skdb.fandom.com/wiki/Dallen_Bounds","Death","1999"
"12/23/2003","Faye Copeland","https://skdb.fandom.com/wiki/Faye_Copeland","Death","2003"
"12/23/2013","András Pándy","https://skdb.fandom.com/wiki/Andr%C3%A1s_P%C3%A1ndy","Death","2013"
"12/24/1956","William Burkitt","https://skdb.fandom.com/wiki/William_Burkitt","Death","1956"
"12/25/2005","Muchio Fukuoka","https://skdb.fandom.com/wiki/Muchio_Fukuoka","Death","2005"
"12/25/2009","Vladimir Dolin","https://skdb.fandom.com/wiki/Vladimir_Dolin","Death","2009"
"12/26/1980","Richard Chase","https://skdb.fandom.com/wiki/Richard_Chase","Death","1980"
"12/26/2003","Huang Yong","https://skdb.fandom.com/wiki/Huang_Yong","Death","2003"
"12/26/2012","John Dwight Canaday","https://skdb.fandom.com/wiki/John_Dwight_Canaday","Death","2012"
"12/27/1970","Boris Gusakov","https://skdb.fandom.com/wiki/Boris_Gusakov","Death","1970"
"12/27/2001","Toshihiko Hasegawa","https://skdb.fandom.com/wiki/Toshihiko_Hasegawa","Death","2001"
"12/27/2004","Jia Jianhu","https://skdb.fandom.com/wiki/Jia_Jianhu","Death","2004"
"12/27/2008","Heinrich Pommerenke","https://skdb.fandom.com/wiki/Heinrich_Pommerenke","Death","2008"
"12/27/2019","Phillip Jablonski","https://skdb.fandom.com/wiki/Phillip_Jablonski","Death","2019"
"12/28/1984","Robert Willie","https://skdb.fandom.com/wiki/Robert_Willie","Death","1984"
"12/28/1999","Fa Ziying","https://skdb.fandom.com/wiki/Fa_Ziying","Death","1999"
"12/28/2010","Terry Rasmussen","https://skdb.fandom.com/wiki/Terry_Rasmussen","Death","2010"
"12/28/2012","Karl Myers","https://skdb.fandom.com/wiki/Karl_Myers","Death","2012"
"12/28/2023","Garry Artman","https://skdb.fandom.com/wiki/Garry_Artman","Death","2023"
"12/29/1923","Johann Mayer","https://skdb.fandom.com/wiki/Johann_Mayer","Death","1923"
"12/29/1967","Monroe Hickson","https://skdb.fandom.com/wiki/Monroe_Hickson","Death","1967"
"12/29/1992","Shim Young-gu","https://skdb.fandom.com/wiki/Shim_Young-gu","Death","1992"
"12/30/1931","Shinkichi Sakurada","https://skdb.fandom.com/wiki/Shinkichi_Sakurada","Death","1931"
"12/30/1932","Daisy de Melker","https://skdb.fandom.com/wiki/Daisy_de_Melker","Death","1932"
"12/30/1950","Franklin Click","https://skdb.fandom.com/wiki/Franklin_Click","Death","1950"
"12/30/1973","Harry Lanham","https://skdb.fandom.com/wiki/Harry_Lanham","Death","1973"
"12/30/1989","Paul Mason","https://skdb.fandom.com/wiki/Paul_Mason","Death","1989"
"12/30/1997","Kim Sun-ja","https://skdb.fandom.com/wiki/Kim_Sun-ja","Death","1997"
"12/30/2016","John Arthur Ackroyd","https://skdb.fandom.com/wiki/John_Arthur_Ackroyd","Death","2016"
"12/30/2020","Samuel Little","https://skdb.fandom.com/wiki/Samuel_Little","Death","2020"
"12/31/1898","Joseph Vacher","https://skdb.fandom.com/wiki/Joseph_Vacher","Death","1898"
"12/31/1913","Louise Vermilya","https://skdb.fandom.com/wiki/Louise_Vermilya","Death","1913"
"12/31/2005","Michael Nicholaou","https://skdb.fandom.com/wiki/Michael_Nicholaou","Death","2005"
"","Hoshang Amini","https://skdb.fandom.com/wiki/Hoshang_Amini","Death","1963"
"","Joe Fischer","https://skdb.fandom.com/wiki/Joe_Fischer","Death","1991"
"","Alun Kyte","https://skdb.fandom.com/wiki/Alun_Kyte","Capture","1997"
"12/01/1998","Jamey Harris","https://skdb.fandom.com/wiki/Jamey_Harris","Capture","1998"
"12/01/2006","Ronald Dominique","https://skdb.fandom.com/wiki/Ronald_Dominique","Capture","2006"
"12/01/2007","Kirsten Duckert","https://skdb.fandom.com/wiki/Kirsten_Duckert","Capture","2007"
"12/02/1920","Schultz","https://skdb.fandom.com/wiki/Schultz","Capture","1920"
"12/02/1953","Wilmon Goodwin","https://skdb.fandom.com/wiki/Wilmon_Goodwin","Capture","1953"
"12/02/2023","Jerrid Powell","https://skdb.fandom.com/wiki/Jerrid_Powell","Capture","2023"
"12/03/1886","Sadakichi Shimizu","https://skdb.fandom.com/wiki/Sadakichi_Shimizu","Capture","1886"
"12/03/2020","David Fuller","https://skdb.fandom.com/wiki/David_Fuller","Capture","2020"
"12/04/1912","Cayetano Santos Godino","https://skdb.fandom.com/wiki/Cayetano_Santos_Godino","Capture","1912"
"12/04/1979","Bruce George Peter Lee","https://skdb.fandom.com/wiki/Bruce_George_Peter_Lee","Capture","1979"
"12/04/1983","William Dean Christensen","https://skdb.fandom.com/wiki/William_Dean_Christensen","Capture","1983"
"12/04/2012","Lucius Crawford","https://skdb.fandom.com/wiki/Lucius_Crawford","Capture","2012"
"12/05/1828","Charles Routley","https://skdb.fandom.com/wiki/Charles_Routley","Capture","1828"
"12/05/1975","Richard Macek","https://skdb.fandom.com/wiki/Richard_Macek","Capture","1975"
"12/05/1990","Alejandro Henriquez","https://skdb.fandom.com/wiki/Alejandro_Henriquez","Capture","1990"
"12/05/2001","Josephine Gray","https://skdb.fandom.com/wiki/Josephine_Gray","Capture","2001"
"12/05/2011","Ronis de Oliveira Bastos","https://skdb.fandom.com/wiki/Ronis_de_Oliveira_Bastos","Capture","2011"
"12/06/1993","Harvey Miguel Robinson","https://skdb.fandom.com/wiki/Harvey_Miguel_Robinson","Capture","1993"
"12/06/2019","Óscar García Guzmán","https://skdb.fandom.com/wiki/%C3%93scar_Garc%C3%ADa_Guzm%C3%A1n","Capture","2019"
"12/07/1982","Michael Darnell Harris","https://skdb.fandom.com/wiki/Michael_Darnell_Harris","Capture","1982"
"12/07/2021","Kwon Jae-chan","https://skdb.fandom.com/wiki/Kwon_Jae-chan","Capture","2021"
"12/08/1937","Eugène Weidmann","https://skdb.fandom.com/wiki/Eug%C3%A8ne_Weidmann","Capture","1937"
"12/08/1978","Gary Lewingdon","https://skdb.fandom.com/wiki/Gary_Lewingdon","Capture","1978"
"12/08/1989","David Emery Misch","https://skdb.fandom.com/wiki/David_Emery_Misch","Capture","1989"
"12/08/2004","Marc Hoffmann","https://skdb.fandom.com/wiki/Marc_Hoffmann","Capture","2004"
"12/09/1966","Posteal Laskey","https://skdb.fandom.com/wiki/Posteal_Laskey","Capture","1966"
"12/09/1985","Gennady Mikhasevich","https://skdb.fandom.com/wiki/Gennady_Mikhasevich","Capture","1985"
"12/09/1987","Stella Nickell","https://skdb.fandom.com/wiki/Stella_Nickell","Capture","1987"
"12/09/2000","Gregory McKnight","https://skdb.fandom.com/wiki/Gregory_McKnight","Capture","2000"
"12/09/2004","Abdufatto Zamanov","https://skdb.fandom.com/wiki/Abdufatto_Zamanov","Capture","2004"
"12/10/1966","Alfred Gaynor","https://skdb.fandom.com/wiki/Alfred_Gaynor","Capture","1966"
"12/10/2003","David Maust","https://skdb.fandom.com/wiki/David_Maust","Capture","2003"
"12/10/2005","Roberto Fernandes","https://skdb.fandom.com/wiki/Roberto_Fernandes","Death","2005"
"12/10/2014","Sailson José das Graças","https://skdb.fandom.com/wiki/Sailson_Jos%C3%A9_das_Gra%C3%A7as","Capture","2014"
"12/11/1970","Harold Meade","https://skdb.fandom.com/wiki/Harold_Meade","Capture","1970"
"12/11/1973","Bernard Giles","https://skdb.fandom.com/wiki/Bernard_Giles","Capture","1973"
"12/11/1978","Thaddeus Lewingdon","https://skdb.fandom.com/wiki/Thaddeus_Lewingdon","Capture","1978"
"12/11/1978","Winford Stokes","https://skdb.fandom.com/wiki/Winford_Stokes","Capture","1978"
"12/11/2017","Mitchell Bacom","https://skdb.fandom.com/wiki/Mitchell_Bacom","Capture","2017"
"12/12/1965","Sokichi Furutani","https://skdb.fandom.com/wiki/Sokichi_Furutani","Capture","1965"
"12/12/1975","Robert Biehler","https://skdb.fandom.com/wiki/Robert_Biehler","Capture","1975"
"12/12/1997","James Phillip Barnes","https://skdb.fandom.com/wiki/James_Phillip_Barnes","Capture","1997"
"12/12/2023","Ramati Sathyanarayana","https://skdb.fandom.com/wiki/Ramati_Sathyanarayana","Capture","2023"
"12/13/1934","Albert Fish","https://skdb.fandom.com/wiki/Albert_Fish","Capture","1934"
"12/13/1982","Kyriakos Papachronis","https://skdb.fandom.com/wiki/Kyriakos_Papachronis","Capture","1982"
"12/13/1999","Nathaniel Bar-Jonah","https://skdb.fandom.com/wiki/Nathaniel_Bar-Jonah","Capture","1999"
"12/13/2011","David Lefèvre","https://skdb.fandom.com/wiki/David_Lef%C3%A8vre","Capture","2011"
"12/13/2022","Roberto José Carmona","https://skdb.fandom.com/wiki/Roberto_Jos%C3%A9_Carmona","Capture","2022"
"12/14/1976","Marcel Barbeault","https://skdb.fandom.com/wiki/Marcel_Barbeault","Capture","1976"
"12/14/2007","Nuri Çalışır","https://skdb.fandom.com/wiki/Nuri_%C3%87al%C4%B1%C5%9F%C4%B1r","Capture","2007"
"12/14/2007","Dmitry Dilschneider","https://skdb.fandom.com/wiki/Dmitry_Dilschneider","Capture","2007"
"12/15/1977","Nikolay Sakharov","https://skdb.fandom.com/wiki/Nikolay_Sakharov","Capture","1977"
"12/15/1996","Joe Metheny","https://skdb.fandom.com/wiki/Joe_Metheny","Capture","1996"
"12/15/2003","Charles Cullen","https://skdb.fandom.com/wiki/Charles_Cullen","Capture","2003"
"12/15/2004","Sonya Caleffi","https://skdb.fandom.com/wiki/Sonya_Caleffi","Capture","2004"
"12/15/2009","Venera Obolashvili","https://skdb.fandom.com/wiki/Venera_Obolashvili","Capture","2009"
"12/15/2016","Theodore Johnson","https://skdb.fandom.com/wiki/Theodore_Johnson","Capture","2016"
"12/18/1991","Marcelo Costa de Andrade","https://skdb.fandom.com/wiki/Marcelo_Costa_de_Andrade","Capture","1991"
"12/18/2015","Douglas Baptista","https://skdb.fandom.com/wiki/Douglas_Baptista","Capture","2015"
"12/18/2019","Somkid Pumpuang","https://skdb.fandom.com/wiki/Somkid_Pumpuang","Capture","2019"
"12/19/1956","John Bodkin Adams","https://skdb.fandom.com/wiki/John_Bodkin_Adams","Capture","1956"
"12/19/1973","Michael Sumpter","https://skdb.fandom.com/wiki/Michael_Sumpter","Capture","1973"
"12/19/2004","Álex Maquera Atencio","https://skdb.fandom.com/wiki/%C3%81lex_Maquera_Atencio","Capture","2004"
"12/19/2006","Steven Wright","https://skdb.fandom.com/wiki/Steven_Wright","Capture","2006"
"12/20/1878","Samuel D. Richards","https://skdb.fandom.com/wiki/Samuel_D._Richards","Capture","1878"
"12/20/1924","Karl Denke","https://skdb.fandom.com/wiki/Karl_Denke","Capture","1924"
"12/20/1944","Louise Peete","https://skdb.fandom.com/wiki/Louise_Peete","Capture","1944"
"12/21/1978","John Wayne Gacy","https://skdb.fandom.com/wiki/John_Wayne_Gacy","Capture","1978"
"12/21/1992","Antanas Varnelis","https://skdb.fandom.com/wiki/Antanas_Varnelis","Capture","1992"
"12/22/1992","Frank Masini","https://skdb.fandom.com/wiki/Frank_Masini","Capture","1992"
"12/22/1999","William Patrick Fyfe","https://skdb.fandom.com/wiki/William_Patrick_Fyfe","Capture","1999"
"12/22/2016","Bradley Edwards","https://skdb.fandom.com/wiki/Bradley_Edwards","Capture","2016"
"12/23/1999","Sergey Chyorny","https://skdb.fandom.com/wiki/Sergey_Chyorny","Capture","1999"
"12/23/2021","Willy Maceo","https://skdb.fandom.com/wiki/Willy_Maceo","Capture","2021"
"12/24/2007","Ronald Lee Moore","https://skdb.fandom.com/wiki/Ronald_Lee_Moore","Capture","2007"
"12/25/1975","Yuri Krinitsyn","https://skdb.fandom.com/wiki/Yuri_Krinitsyn","Capture","1975"
"12/25/1983","Toshihiko Hasegawa","https://skdb.fandom.com/wiki/Toshihiko_Hasegawa","Capture","1983"
"12/25/1983","Masamichi Ida","https://skdb.fandom.com/wiki/Masamichi_Ida","Capture","1983"
"12/26/2011","Yadira Narváez","https://skdb.fandom.com/wiki/Yadira_Narv%C3%A1ez","Capture","2011"
"12/26/2016","Murad Nurmagomedov","https://skdb.fandom.com/wiki/Murad_Nurmagomedov","Capture","2016"
"12/27/2006","Surinder Koli","https://skdb.fandom.com/wiki/Surinder_Koli","Capture","2006"
"12/27/2007","Mail Malpartida Achón","https://skdb.fandom.com/wiki/Mail_Malpartida_Ach%C3%B3n","Capture","2007"
"12/27/2020","David Haulman","https://skdb.fandom.com/wiki/David_Haulman","Capture","2020"
"12/28/1977","Andrei Evseev","https://skdb.fandom.com/wiki/Andrei_Evseev","Capture","1977"
"12/28/1985","Anatoly Slivko","https://skdb.fandom.com/wiki/Anatoly_Slivko","Capture","1985"
"12/28/2000","Joseph Magaletti","https://skdb.fandom.com/wiki/Joseph_Magaletti","Capture","2000"
"12/28/2006","Pedro Pablo Nakada Ludeña","https://skdb.fandom.com/wiki/Pedro_Pablo_Nakada_Lude%C3%B1a","Capture","2006"
"12/28/2018","Yeyson Liendo Mamani","https://skdb.fandom.com/wiki/Yeyson_Liendo_Mamani","Capture","2018"
"12/28/2018","Sonia Gaona Yaguno","https://skdb.fandom.com/wiki/Sonia_Gaona_Yaguno","Capture","2018"
"12/29/1960","Sadame Sugimura","https://skdb.fandom.com/wiki/Sadame_Sugimura","Capture","1960"
"12/29/1987","Clarence Victor","https://skdb.fandom.com/wiki/Clarence_Victor","Capture","1987"
"12/29/2006","Moninder Singh","https://skdb.fandom.com/wiki/Moninder_Singh","Capture","2006"
"12/30/1610","Elizabeth Báthory","https://skdb.fandom.com/wiki/Elizabeth_B%C3%A1thory","Capture","1610"
"12/30/1989","Louis Gaskin","https://skdb.fandom.com/wiki/Louis_Gaskin","Capture","1989"
"12/30/1999","Javed Iqbal","https://skdb.fandom.com/wiki/Javed_Iqbal","Capture","1999"
"12/31/2014","Hayato Imai","https://skdb.fandom.com/wiki/Hayato_Imai","Capture","2014"
"","Maria Swanenburg","https://skdb.fandom.com/wiki/Maria_Swanenburg","Capture","1883"
"","Lyda Ambrose","https://skdb.fandom.com/wiki/Lyda_Ambrose","Capture","1920"
"","David Allen Lucas","https://skdb.fandom.com/wiki/David_Allen_Lucas","Capture","1984"
"","Donald Neilson","https://skdb.fandom.com/wiki/Donald_Neilson","Capture","1975"
"","Carlton Gary","https://skdb.fandom.com/wiki/Carlton_Gary","Capture","1978"
"","Gwen Graham","https://skdb.fandom.com/wiki/Gwen_Graham","Capture","1988"
"","Cathy Wood","https://skdb.fandom.com/wiki/Cathy_Wood","Capture","1988"
"","Isabel Padilla Maiquez","https://skdb.fandom.com/wiki/Isabel_Padilla_Maiquez","Capture","1991"
"","William Darrell Lindsey","https://skdb.fandom.com/wiki/William_Darrell_Lindsey","Capture","1996"
"","Alexander Ershov","https://skdb.fandom.com/wiki/Alexander_Ershov","Capture","1997"
"","Émile Louis","https://skdb.fandom.com/wiki/%C3%89mile_Louis","Capture","2000"
"","Francisco das Chagas Rodrigues de Brito","https://skdb.fandom.com/wiki/Francisco_das_Chagas_Rodrigues_de_Brito","Capture","2003"
"","Alexey Tigoyev","https://skdb.fandom.com/wiki/Alexey_Tigoyev","Capture","2003"
"","Waisale Waqanivalu","https://skdb.fandom.com/wiki/Waisale_Waqanivalu","Capture","2003"
"","Dmitry Kuleshov","https://skdb.fandom.com/wiki/Dmitry_Kuleshov","Capture","2006"
"","Vladimir Dolin","https://skdb.fandom.com/wiki/Vladimir_Dolin","Capture","2008"
"","Ramiro Adame López","https://skdb.fandom.com/wiki/Ramiro_Adame_L%C3%B3pez","Capture","2013"
"","Bartolomeo Gagliano","https://skdb.fandom.com/wiki/Bartolomeo_Gagliano","Capture","2013"
"","Adrián Arroyo Gutiérrez","https://skdb.fandom.com/wiki/Adri%C3%A1n_Arroyo_Guti%C3%A9rrez","Capture","2015"
"","Silas Boston","https://skdb.fandom.com/wiki/Silas_Boston","Capture","2016"
"","Nikolay Tishov","https://skdb.fandom.com/wiki/Nikolay_Tishov","Capture","2020"
"","Jason Thornburg","https://skdb.fandom.com/wiki/Jason_Thornburg","Capture","2021"
"12/12/1986","El Psicópata","https://skdb.fandom.com/wiki/El_Psic%C3%B3pata","Victim Murdered","1986"
"12/24/1982","Green River Killer","https://skdb.fandom.com/wiki/Green_River_Killer","Victim Murdered","1982"
"12/02/2004","Abdelaâli Hadi","https://skdb.fandom.com/wiki/Abdela%C3%A2li_Hadi","Other Event","2004"
"12/09/1992","Robert Lee Walden","https://skdb.fandom.com/wiki/Robert_Lee_Walden","Other Event","1992"
"12/13/2010","The Long Island Serial Killer","https://skdb.fandom.com/wiki/The_Long_Island_Serial_Killer","Other Event","2010"
"12/13/2011","The Long Island Serial Killer","https://skdb.fandom.com/wiki/The_Long_Island_Serial_Killer","Other Event","2011"
"12/15/1983","Green River Killer","https://skdb.fandom.com/wiki/Green_River_Killer","Other Event","1983"
"12/15/2010","Antonio Rodriguez","https://skdb.fandom.com/wiki/Antonio_Rodriguez","Other Event","2010"
"12/17/","Gary Rardon","","Other Event",""
"12/26/1978","John Wayne Gacy","https://skdb.fandom.com/wiki/John_Wayne_Gacy","Other Event","1978"
