"Event Date","Serial Killer Name","Serial Killer Profile URL","Event Type","Year of Event"
"02/01/1942","Richard Steeves","https://skdb.fandom.com/wiki/Richard_Steeves","Birth","1942"
"02/01/1966","Sean King","https://skdb.fandom.com/wiki/Sean_King","Birth","1966"
"02/01/1978","Very Idham Henyansyah","https://skdb.fandom.com/wiki/Very_Idham_Henyansyah","Birth","1978"
"02/02/1848","Frederick Jahns","https://skdb.fandom.com/wiki/Frederick_Jahns","Birth","1848"
"02/02/1940","James Miller","https://skdb.fandom.com/wiki/James_Miller","Birth","1940"
"02/02/1990","Oscar García Guzmán","https://skdb.fandom.com/wiki/Oscar_Garc%C3%ADa_Guzm%C3%A1n","Birth","1990"
"02/03/1969","Steven Gordon","https://skdb.fandom.com/wiki/Steven_Gordon","Birth","1969"
"02/03/1984","William Davis","https://skdb.fandom.com/wiki/William_Davis","Birth","1984"
"02/04/1963","Garcia Glen White","https://skdb.fandom.com/wiki/Garcia_Glen_White","Birth","1963"
"02/04/1972","Vincent Hudson","https://skdb.fandom.com/wiki/Vincent_Hudson","Birth","1972"
"02/04/1973","Dale Hausner","https://skdb.fandom.com/wiki/Dale_Hausner","Birth","1973"
"02/04/1988","Tiago Henrique Gomes da Rocha","https://skdb.fandom.com/wiki/Tiago_Henrique_Gomes_da_Rocha","Birth","1988"
"02/05/1897","Miyuki Ishikawa","https://skdb.fandom.com/wiki/Miyuki_Ishikawa","Birth","1897"
"02/05/1908","Eugène Weidmann","https://skdb.fandom.com/wiki/Eug%C3%A8ne_Weidmann","Birth","1908"
"02/05/1948","Roy Norris","https://skdb.fandom.com/wiki/Roy_Norris","Birth","1948"
"02/05/1949","Donald Blom","https://skdb.fandom.com/wiki/Donald_Blom","Birth","1949"
"02/05/1959","Gail Mathews","https://skdb.fandom.com/wiki/Gail_Mathews","Other Event","1959"
"02/05/1980","Patricia Martínez","https://skdb.fandom.com/wiki/Patricia_Mart%C3%ADnez","Birth","1980"
"02/06/1927","Glennon Engleman","https://skdb.fandom.com/wiki/Glennon_Engleman","Birth","1927"
"02/06/1951","Alan Phillips","https://skdb.fandom.com/wiki/Alan_Phillips","Birth","1951"
"02/06/1970","Hugo Osorio Chávez","https://skdb.fandom.com/wiki/Hugo_Osorio_Ch%C3%A1vez","Birth","1970"
"02/06/1971","Ronald Janssen","https://skdb.fandom.com/wiki/Ronald_Janssen","Birth","1971"
"02/06/1979","Mikhail Neznamov","https://skdb.fandom.com/wiki/Mikhail_Neznamov","Birth","1979"
"02/07/1855","Edward Bates Soper","https://skdb.fandom.com/wiki/Edward_Bates_Soper","Birth","1855"
"02/07/1934","Juan Corona","https://skdb.fandom.com/wiki/Juan_Corona","Birth","1934"
"02/07/1935","Walter Hill","https://skdb.fandom.com/wiki/Walter_Hill","Birth","1935"
"02/07/1951","Joseph Ture Jr.","https://skdb.fandom.com/wiki/Joseph_Ture_Jr.","Birth","1951"
"02/08/1919","Gamal Lineveldt","https://skdb.fandom.com/wiki/Gamal_Lineveldt","Birth","1919"
"02/08/1964","James Childers","https://skdb.fandom.com/wiki/James_Childers","Birth","1964"
"02/08/1964","Ronald Macon","https://skdb.fandom.com/wiki/Ronald_Macon","Birth","1964"
"02/09/1941","Kermit Gosnell","https://skdb.fandom.com/wiki/Kermit_Gosnell","Birth","1941"
"02/09/1958","David Penton","https://skdb.fandom.com/wiki/David_Penton","Birth","1958"
"02/09/1978","Andrei Meshcheryakov","https://skdb.fandom.com/wiki/Andrei_Meshcheryakov","Birth","1978"
"02/10/1945","Dale Wayne Eaton","https://skdb.fandom.com/wiki/Dale_Wayne_Eaton","Birth","1945"
"02/10/1949","Howard Allen","https://skdb.fandom.com/wiki/Howard_Allen","Birth","1949"
"02/11/1849","Hugo Schenk","https://skdb.fandom.com/wiki/Hugo_Schenk","Birth","1849"
"02/11/1945","Eugene Blake","https://skdb.fandom.com/wiki/Eugene_Blake","Birth","1945"
"02/11/1963","Lester Ford","https://skdb.fandom.com/wiki/Lester_Ford","Birth","1963"
"02/11/1967","Vadim Krotov","https://skdb.fandom.com/wiki/Vadim_Krotov","Birth","1967"
"02/11/1970","William Devin Howell","https://skdb.fandom.com/wiki/William_Devin_Howell","Birth","1970"
"02/12/1860","Karl Denke","https://skdb.fandom.com/wiki/Karl_Denke","Birth","1860"
"02/12/1932","Marine Hedge","https://skdb.fandom.com/wiki/Marine_Hedge","Other Event","1932"
"02/12/1937","Charles Jackson","https://skdb.fandom.com/wiki/Charles_Jackson","Birth","1937"
"02/12/1955","David Brooks","https://skdb.fandom.com/wiki/David_Brooks","Birth","1955"
"02/12/1966","Leszek Pękalski","https://skdb.fandom.com/wiki/Leszek_P%C4%99kalski","Birth","1966"
"02/12/1975","Ion Turnagiu","https://skdb.fandom.com/wiki/Ion_Turnagiu","Birth","1975"
"02/12/1976","Colin Norris","https://skdb.fandom.com/wiki/Colin_Norris","Birth","1976"
"02/12/1998","Oscar Sanchez Garcia","https://skdb.fandom.com/wiki/Oscar_Sanchez_Garcia","Birth","1998"
"02/13/1931","Leroy Snyder","https://skdb.fandom.com/wiki/Leroy_Snyder","Birth","1931"
"02/13/1937","Roy Melanson","https://skdb.fandom.com/wiki/Roy_Melanson","Birth","1937"
"02/13/1941","George Kent Wallace","https://skdb.fandom.com/wiki/George_Kent_Wallace","Birth","1941"
"02/13/1948","Allan Legere","https://skdb.fandom.com/wiki/Allan_Legere","Birth","1948"
"02/13/1966","Vickie Dawn Jackson","https://skdb.fandom.com/wiki/Vickie_Dawn_Jackson","Birth","1966"
"02/13/1975","Remus Chiper","https://skdb.fandom.com/wiki/Remus_Chiper","Birth","1975"
"02/13/1975","Matija Sovdat","https://skdb.fandom.com/wiki/Matija_Sovdat","Birth","1975"
"02/14/1845","John Makin","https://skdb.fandom.com/wiki/John_Makin","Birth","1845"
"02/14/1892","Noah Arnold","https://skdb.fandom.com/wiki/Noah_Arnold","Birth","1892"
"02/14/1922","William Guatney","https://skdb.fandom.com/wiki/William_Guatney","Birth","1922"
"02/14/1940","Gary Lewingdon","https://skdb.fandom.com/wiki/Gary_Lewingdon","Birth","1940"
"02/14/1941","Stanislav Rogolev","https://skdb.fandom.com/wiki/Stanislav_Rogolev","Birth","1941"
"02/14/1962","Roberto Arguelles","https://skdb.fandom.com/wiki/Roberto_Arguelles","Birth","1962"
"02/14/1964","John Wille","https://skdb.fandom.com/wiki/John_Wille","Birth","1964"
"02/15/1939","Robert Hansen","https://skdb.fandom.com/wiki/Robert_Hansen","Birth","1939"
"02/15/1957","Nathaniel Bar-Jonah","https://skdb.fandom.com/wiki/Nathaniel_Bar-Jonah","Birth","1957"
"02/15/1963","Nicuşor Lenghel","https://skdb.fandom.com/wiki/Nicu%C5%9For_Lenghel","Birth","1963"
"02/15/1963","Florian Miu","https://skdb.fandom.com/wiki/Florian_Miu","Birth","1963"
"02/15/1972","Peter Lundin","https://skdb.fandom.com/wiki/Peter_Lundin","Birth","1972"
"02/15/1973","Vadim Ershov","https://skdb.fandom.com/wiki/Vadim_Ershov","Birth","1973"
"02/15/1976","Michael Gargiulo","https://skdb.fandom.com/wiki/Michael_Gargiulo","Birth","1976"
"02/16/1863","Mary Clement","https://skdb.fandom.com/wiki/Mary_Clement","Birth","1863"
"02/16/1914","Sokichi Furutani","https://skdb.fandom.com/wiki/Sokichi_Furutani","Birth","1914"
"02/17/1933","Bogdan Arnold","https://skdb.fandom.com/wiki/Bogdan_Arnold","Birth","1933"
"02/17/1933","Blanche Taylor Moore","https://skdb.fandom.com/wiki/Blanche_Taylor_Moore","Birth","1933"
"02/17/1958","Anthony Ray Briley","https://skdb.fandom.com/wiki/Anthony_Ray_Briley","Birth","1958"
"02/18/1908","Oliverio Castañeda Palacios","https://skdb.fandom.com/wiki/Oliverio_Casta%C3%B1eda_Palacios","Birth","1908"
"02/18/1914","Gordon Cummins","https://skdb.fandom.com/wiki/Gordon_Cummins","Birth","1914"
"02/18/1928","Vender Duncan","https://skdb.fandom.com/wiki/Vender_Duncan","Birth","1928"
"02/18/1939","Anatoly Biryukov","https://skdb.fandom.com/wiki/Anatoly_Biryukov","Birth","1939"
"02/18/1947","Jack Trawick","https://skdb.fandom.com/wiki/Jack_Trawick","Birth","1947"
"02/18/1949","Gary Ridgway","https://skdb.fandom.com/wiki/Gary_Ridgway","Birth","1949"
"02/18/1961","Mark Riebe","https://skdb.fandom.com/wiki/Mark_Riebe","Birth","1961"
"02/18/1964","Thomas Holst","https://skdb.fandom.com/wiki/Thomas_Holst","Birth","1964"
"02/18/1972","John Eichinger","https://skdb.fandom.com/wiki/John_Eichinger","Birth","1972"
"02/18/1983","Nordahl Lelandais","https://skdb.fandom.com/wiki/Nordahl_Lelandais","Birth","1983"
"02/18/1985","Lee Boyd Malvo","https://skdb.fandom.com/wiki/Lee_Boyd_Malvo","Birth","1985"
"02/19/1956","Willie Brown","https://skdb.fandom.com/wiki/Willie_Brown","Birth","1956"
"02/19/1961","David Misch","https://skdb.fandom.com/wiki/David_Misch","Birth","1961"
"02/20/1954","John Cannan","https://skdb.fandom.com/wiki/John_Cannan","Birth","1954"
"02/20/1957","Giovanni Brusca","https://skdb.fandom.com/wiki/Giovanni_Brusca","Birth","1957"
"02/20/1961","John Williams Jr.","https://skdb.fandom.com/wiki/John_Williams_Jr.","Birth","1961"
"02/21/1934","Fred Farnham","https://skdb.fandom.com/wiki/Fred_Farnham","Birth","1934"
"02/21/1983","Jason Thomas Scott","https://skdb.fandom.com/wiki/Jason_Thomas_Scott","Birth","1983"
"02/22/1960","Charles Cullen","https://skdb.fandom.com/wiki/Charles_Cullen","Birth","1960"
"02/22/1975","Stephen Port","https://skdb.fandom.com/wiki/Stephen_Port","Birth","1975"
"02/23/1882","Viktória Fődi","https://skdb.fandom.com/wiki/Vikt%C3%B3ria_F%C5%91di","Birth","1882"
"02/23/1939","Melvin Reine","https://skdb.fandom.com/wiki/Melvin_Reine","Birth","1939"
"02/23/1957","Charlie Brandt","https://skdb.fandom.com/wiki/Charlie_Brandt","Birth","1957"
"02/23/1971","Steven Hobbs","https://skdb.fandom.com/wiki/Steven_Hobbs","Birth","1971"
"02/23/1973","Ronnie Johns","https://skdb.fandom.com/wiki/Ronnie_Johns","Birth","1973"
"02/23/1978","Jairo Díaz Aragón","https://skdb.fandom.com/wiki/Jairo_D%C3%ADaz_Arag%C3%B3n","Birth","1978"
"02/23/1979","Kenneth Williams","https://skdb.fandom.com/wiki/Kenneth_Williams","Birth","1979"
"02/24/1930","Franz Schmidt","https://skdb.fandom.com/wiki/Franz_Schmidt","Birth","1930"
"02/24/1949","Randy Greenawalt","https://skdb.fandom.com/wiki/Randy_Greenawalt","Birth","1949"
"02/24/1953","Kathryn Bright","https://skdb.fandom.com/wiki/Kathryn_Bright","Other Event","1953"
"02/24/1958","Robert Maury","https://skdb.fandom.com/wiki/Robert_Maury","Birth","1958"
"02/24/1966","Wesley Shermantine","https://skdb.fandom.com/wiki/Wesley_Shermantine","Birth","1966"
"02/25/1929","Clarence W. Walker","https://skdb.fandom.com/wiki/Clarence_W._Walker","Birth","1929"
"02/25/1959","Francis Heaulme","https://skdb.fandom.com/wiki/Francis_Heaulme","Birth","1959"
"02/25/1962","Junko Ogata","https://skdb.fandom.com/wiki/Junko_Ogata","Birth","1962"
"02/25/1966","Robert Napper","https://skdb.fandom.com/wiki/Robert_Napper","Birth","1966"
"02/26/1944","Robert Joseph Zani","https://skdb.fandom.com/wiki/Robert_Joseph_Zani","Birth","1944"
"02/26/1948","Isabel Padilla Maiquez","https://skdb.fandom.com/wiki/Isabel_Padilla_Maiquez","Birth","1948"
"02/26/1960","Darren O'Neall","https://skdb.fandom.com/wiki/Darren_O%27Neall","Birth","1960"
"02/26/1975","Megan Huntsman","https://skdb.fandom.com/wiki/Megan_Huntsman","Birth","1975"
"02/27/1948","John Errol Ferguson","https://skdb.fandom.com/wiki/John_Errol_Ferguson","Birth","1948"
"02/27/1949","Gary Muehlberg","https://skdb.fandom.com/wiki/Gary_Muehlberg","Birth","1949"
"02/27/1955","Eugene Broxton","https://skdb.fandom.com/wiki/Eugene_Broxton","Birth","1955"
"02/27/1955","William Patrick Fyfe","https://skdb.fandom.com/wiki/William_Patrick_Fyfe","Birth","1955"
"02/27/1958","Shirley Winters","https://skdb.fandom.com/wiki/Shirley_Winters","Birth","1958"
"02/27/1960","Ilshat Kuzikov","https://skdb.fandom.com/wiki/Ilshat_Kuzikov","Birth","1960"
"02/27/1976","Petr Zelenka","https://skdb.fandom.com/wiki/Petr_Zelenka","Birth","1976"
"02/28/1803","Thomas Williams","https://skdb.fandom.com/wiki/Thomas_Williams","Birth","1803"
"02/28/1942","Dennis Stanworth","https://skdb.fandom.com/wiki/Dennis_Stanworth","Birth","1942"
"02/28/1959","Michel Peiry","https://skdb.fandom.com/wiki/Michel_Peiry","Birth","1959"
"02/28/1964","Andrei Sibiryakov","https://skdb.fandom.com/wiki/Andrei_Sibiryakov","Birth","1964"
"02/28/1967","Angela Girdner","","Other Event","1967"
"02/28/1972","Robert Wayne Harris","https://skdb.fandom.com/wiki/Robert_Wayne_Harris","Birth","1972"
"02/28/1973","Pedro Pablo Nakada Ludeña","https://skdb.fandom.com/wiki/Pedro_Pablo_Nakada_Lude%C3%B1a","Birth","1973"
"02/28/1990","Jerrid Powell","https://skdb.fandom.com/wiki/Jerrid_Powell","Birth","1990"
"02/29/1956","Aileen Wuornos","https://skdb.fandom.com/wiki/Aileen_Wuornos","Birth","1956"
"02/29/1960","Richard Ramirez","https://skdb.fandom.com/wiki/Richard_Ramirez","Birth","1960"
"02/01/2004","James Edward Wood","https://skdb.fandom.com/wiki/James_Edward_Wood","Death","2004"
"02/02/1905","Elisabeth Wiese","https://skdb.fandom.com/wiki/Elisabeth_Wiese","Death","1905"
"02/02/1998","Manuel Delgado Villegas","https://skdb.fandom.com/wiki/Manuel_Delgado_Villegas","Death","1998"
"02/03/1980","Lillie Mae Curtis","https://skdb.fandom.com/wiki/Lillie_Mae_Curtis","Death","1980"
"02/04/1653","Jasper Hanebuth","https://skdb.fandom.com/wiki/Jasper_Hanebuth","Death","1653"
"02/05/1862","Samuel Calhoun","https://skdb.fandom.com/wiki/Samuel_Calhoun","Death","1862"
"02/05/1958","Lyda Southard","https://skdb.fandom.com/wiki/Lyda_Southard","Death","1958"
"02/05/1979","Nikolay Sakharov","https://skdb.fandom.com/wiki/Nikolay_Sakharov","Death","1979"
"02/05/2010","Bi Yonggang","https://skdb.fandom.com/wiki/Bi_Yonggang","Death","2010"
"02/06/1980","John Phuko Kgabi","https://skdb.fandom.com/wiki/John_Phuko_Kgabi","Death","1980"
"02/06/1997","Michael Carl George","https://skdb.fandom.com/wiki/Michael_Carl_George","Death","1997"
"02/06/2023","Mario Berrios","https://skdb.fandom.com/wiki/Mario_Berrios","Death","2023"
"02/07/1838","Jean Aumaître","https://skdb.fandom.com/wiki/Jean_Auma%C3%AEtre","Death","1838"
"02/07/2011","Omid Barak","https://skdb.fandom.com/wiki/Omid_Barak","Death","2011"
"02/07/2017","Billy Boyette","https://skdb.fandom.com/wiki/Billy_Boyette","Death","2017"
"02/08/1804","Wiley Harpe","https://skdb.fandom.com/wiki/Wiley_Harpe","Death","1804"
"02/08/1851","Jean-Claude Jacquemard","https://skdb.fandom.com/wiki/Jean-Claude_Jacquemard","Death","1851"
"02/08/1895","Eugene Byars","https://skdb.fandom.com/wiki/Eugene_Byars","Death","1895"
"02/08/1895","John Franklin Gilman","https://skdb.fandom.com/wiki/John_Franklin_Gilman","Death","1895"
"02/08/1913","Eiichi Hyakutake","https://skdb.fandom.com/wiki/Eiichi_Hyakutake","Death","1913"
"02/08/1913","Taka Hyakutake","https://skdb.fandom.com/wiki/Taka_Hyakutake","Death","1913"
"02/08/2021","Anthony Sowell","https://skdb.fandom.com/wiki/Anthony_Sowell","Death","2021"
"02/08/2023","Primo Bisi","https://skdb.fandom.com/wiki/Primo_Bisi","Death","2023"
"02/09/1986","Ángel Díaz Balbín","https://skdb.fandom.com/wiki/%C3%81ngel_D%C3%ADaz_Balb%C3%ADn","Death","1986"
"02/09/2002","John Ingvar Lövgren","https://skdb.fandom.com/wiki/John_Ingvar_L%C3%B6vgren","Death","2002"
"02/10/1886","Dennis Dilda","https://skdb.fandom.com/wiki/Dennis_Dilda","Death","1886"
"02/10/2009","Dale Scheanette","https://skdb.fandom.com/wiki/Dale_Scheanette","Death","2009"
"02/10/2012","Su Hong","https://skdb.fandom.com/wiki/Su_Hong","Death","2012"
"02/11/1999","Danny Barber","https://skdb.fandom.com/wiki/Danny_Barber","Death","1999"
"02/11/2023","Terry Childs","https://skdb.fandom.com/wiki/Terry_Childs","Death","2023"
"02/12/1886","Josef Englich","https://skdb.fandom.com/wiki/Josef_Englich","Death","1886"
"02/12/2009","Johnny Johnson","https://skdb.fandom.com/wiki/Johnny_Johnson","Death","2009"
"02/13/2013","Paul Eugene Rowles","https://skdb.fandom.com/wiki/Paul_Eugene_Rowles","Death","2013"
"02/14/1980","Marie Besnard","https://skdb.fandom.com/wiki/Marie_Besnard","Death","1980"
"02/14/1986","Marc Fasquel","https://skdb.fandom.com/wiki/Marc_Fasquel","Death","1986"
"02/14/1993","Andrei Shchetinov","https://skdb.fandom.com/wiki/Andrei_Shchetinov","Death","1993"
"02/14/1994","Andrei Chikatilo","https://skdb.fandom.com/wiki/Andrei_Chikatilo","Death","1994"
"02/14/2004","Yang Xinhai","https://skdb.fandom.com/wiki/Yang_Xinhai","Death","2004"
"02/15/1915","John Wesley Robinson","https://skdb.fandom.com/wiki/John_Wesley_Robinson","Death","1915"
"02/15/1948","Marius Andrieu","https://skdb.fandom.com/wiki/Marius_Andrieu","Death","1948"
"02/15/2002","Charles Jackson","https://skdb.fandom.com/wiki/Charles_Jackson","Death","2002"
"02/15/2012","Smail Tulja","https://skdb.fandom.com/wiki/Smail_Tulja","Death","2012"
"02/15/2023","Billy Ray Richardson","https://skdb.fandom.com/wiki/Billy_Ray_Richardson","Death","2023"
"02/16/2015","Joseph Magaletti","https://skdb.fandom.com/wiki/Joseph_Magaletti","Death","2015"
"02/16/2020","Dmitry Baksheev","https://skdb.fandom.com/wiki/Dmitry_Baksheev","Death","2020"
"02/17/2017","Eddie Snowden","https://skdb.fandom.com/wiki/Eddie_Snowden","Death","2017"
"02/17/2023","Diego Fernando Ramírez","https://skdb.fandom.com/wiki/Diego_Fernando_Ram%C3%ADrez","Death","2023"
"02/18/1820","Lavinia Fisher","https://skdb.fandom.com/wiki/Lavinia_Fisher","Death","1820"
"02/18/1916","Hans Schmidt","https://skdb.fandom.com/wiki/Hans_Schmidt","Death","1916"
"02/18/1938","Edgar Smoak","https://skdb.fandom.com/wiki/Edgar_Smoak","Death","1938"
"02/18/2009","Thomas Francis Edwards","https://skdb.fandom.com/wiki/Thomas_Francis_Edwards","Death","2009"
"02/19/1654","Melchior Hedloff","https://skdb.fandom.com/wiki/Melchior_Hedloff","Death","1654"
"02/19/1841","Diogo Alves","https://skdb.fandom.com/wiki/Diogo_Alves","Death","1841"
"02/19/1977","Christopher Worrell","https://skdb.fandom.com/wiki/Christopher_Worrell","Death","1977"
"02/19/1991","Dámaso Rodríguez Martín","https://skdb.fandom.com/wiki/D%C3%A1maso_Rodr%C3%ADguez_Mart%C3%ADn","Death","1991"
"02/20/1948","Thomas Henry McMonigle","https://skdb.fandom.com/wiki/Thomas_Henry_McMonigle","Death","1948"
"02/21/2000","Hernando Arturo Prada","https://skdb.fandom.com/wiki/Hernando_Arturo_Prada","Death","2000"
"02/21/2012","Colin Ireland","https://skdb.fandom.com/wiki/Colin_Ireland","Death","2012"
"02/23/1906","Johann Otto Hoch","https://skdb.fandom.com/wiki/Johann_Otto_Hoch","Death","1906"
"02/23/1996","William Bonin","https://skdb.fandom.com/wiki/William_Bonin","Death","1996"
"02/24/1898","František Novotný","https://skdb.fandom.com/wiki/Franti%C5%A1ek_Novotn%C3%BD","Death","1898"
"02/24/2020","Roy Norris","https://skdb.fandom.com/wiki/Roy_Norris","Death","2020"
"02/24/1979","Anatoly Biryukov","https://skdb.fandom.com/wiki/Anatoly_Biryukov","Death","1979"
"02/24/2000","Betty Lou Beets","https://skdb.fandom.com/wiki/Betty_Lou_Beets","Death","2000"
"02/25/1953","Saad Iskandar Abdel Masih","https://skdb.fandom.com/wiki/Saad_Iskandar_Abdel_Masih","Death","1953"
"02/25/2024","Mark Ford","https://skdb.fandom.com/wiki/Mark_Ford","Death","2024"
"02/26/1987","Audrey Marie Hilley","https://skdb.fandom.com/wiki/Audrey_Marie_Hilley","Death","1987"
"02/26/2022","Fabricio Eloy Ludeña","https://skdb.fandom.com/wiki/Fabricio_Eloy_Lude%C3%B1a","Death","2022"
"02/27/1996","Kenneth Granviel","https://skdb.fandom.com/wiki/Kenneth_Granviel","Death","1996"
"02/27/2023","Alan Lee Phillips","https://skdb.fandom.com/wiki/Alan_Lee_Phillips","Death","2023"
"02/28/1966","Larry Motherwell","https://skdb.fandom.com/wiki/Larry_Motherwell","Death","1966"
"02/28/2020","Kenyel Brown","https://skdb.fandom.com/wiki/Kenyel_Brown","Death","2020"
"02/28/2021","Roger Kibbe","https://skdb.fandom.com/wiki/Roger_Kibbe","Capture","2021"
"02/01/2023","Duško J.","https://skdb.fandom.com/wiki/Du%C5%A1ko_J.","Capture","2023"
"02/02/2007","Joshua Anderson","https://skdb.fandom.com/wiki/Joshua_Anderson","Capture","2007"
"02/03/1975","Vaughn Greenwood","https://skdb.fandom.com/wiki/Vaughn_Greenwood","Capture","1975"
"02/03/2001","Alexander Pavlenko","https://skdb.fandom.com/wiki/Alexander_Pavlenko","Capture","2001"
"02/03/2003","Jaroslav Stodola","https://skdb.fandom.com/wiki/Jaroslav_Stodola","Capture","2003"
"02/03/2003","Dana Stodolová","https://skdb.fandom.com/wiki/Dana_Stodolov%C3%A1","Capture","2003"
"02/04/1972","Robledo Puch","https://skdb.fandom.com/wiki/Robledo_Puch","Capture","1972"
"02/04/1984","Syvasky Poyner","https://skdb.fandom.com/wiki/Syvasky_Poyner","Capture","1984"
"02/04/1997","John Williams Jr.","https://skdb.fandom.com/wiki/John_Williams_Jr.","Capture","1997"
"02/04/2023","Mikhail Neznamov","https://skdb.fandom.com/wiki/Mikhail_Neznamov","Capture","2023"
"02/05/1977","Lyle Brummett","https://skdb.fandom.com/wiki/Lyle_Brummett","Capture","1977"
"02/05/1985","Anthony Wimberly","https://skdb.fandom.com/wiki/Anthony_Wimberly","Capture","1985"
"02/06/1986","Ángel Díaz Balbín","https://skdb.fandom.com/wiki/%C3%81ngel_D%C3%ADaz_Balb%C3%ADn","Capture","1986"
"02/06/2006","Zhang Youtian","https://skdb.fandom.com/wiki/Zhang_Youtian","Capture","2006"
"02/06/2024","Larry Reed","https://skdb.fandom.com/wiki/Larry_Reed","Capture","2024"
"02/07/1988","David James Roberts","https://skdb.fandom.com/wiki/David_James_Roberts","Capture","1988"
"02/07/2023","Tony Garcia","https://skdb.fandom.com/wiki/Tony_Garcia","Capture","2023"
"02/08/1975","Kenneth Granviel","https://skdb.fandom.com/wiki/Kenneth_Granviel","Capture","1975"
"02/08/2002","Andrei Melyukh","https://skdb.fandom.com/wiki/Andrei_Melyukh","Capture","2002"
"02/08/2010","David Russell Williams","https://skdb.fandom.com/wiki/David_Russell_Williams","Capture","2010"
"02/08/2023","Lucho Plátano","https://skdb.fandom.com/wiki/Lucho_Pl%C3%A1tano","Capture","2023"
"02/09/1973","Anatoly Utkin","https://skdb.fandom.com/wiki/Anatoly_Utkin","Capture","1973"
"02/09/1983","Dennis Nilsen","https://skdb.fandom.com/wiki/Dennis_Nilsen","Capture","1983"
"02/09/1987","Warren James Bland","https://skdb.fandom.com/wiki/Warren_James_Bland","Capture","1987"
"02/11/2003","Timothy Joseph McGhee","https://skdb.fandom.com/wiki/Timothy_Joseph_McGhee","Birth","2003"
"02/12/1995","Michael Lupo","https://skdb.fandom.com/wiki/Michael_Lupo","Death","1995"
"02/12/2008","David Avendaño Ballina","https://skdb.fandom.com/wiki/David_Avenda%C3%B1o_Ballina","Capture","2008"
"02/13/1973","Herbert Mullin","https://skdb.fandom.com/wiki/Herbert_Mullin","Capture","1973"
"02/13/1998","Nathaniel Cook","https://skdb.fandom.com/wiki/Nathaniel_Cook","Capture","1998"
"02/14/1985","David Mark Pruett","https://skdb.fandom.com/wiki/David_Mark_Pruett","Capture","1985"
"02/14/1986","Jocelyne Bourdin","https://skdb.fandom.com/wiki/Jocelyne_Bourdin","Capture","1986"
"02/14/1993","Harold Bell","https://skdb.fandom.com/wiki/Harold_Bell","Capture","1993"
"02/14/1999","Faryion Wardrip","https://skdb.fandom.com/wiki/Faryion_Wardrip","Capture","1999"
"02/14/2004","Cimarron Bell","https://skdb.fandom.com/wiki/Cimarron_Bell","Capture","2004"
"02/15/1969","Lee Roy Martin","https://skdb.fandom.com/wiki/Lee_Roy_Martin","Capture","1969"
"02/15/2012","Mujianto","https://skdb.fandom.com/wiki/MUJIANTO","Capture","2012"
"02/16/1942","Gordon Cummins","https://skdb.fandom.com/wiki/Gordon_Cummins","Capture","1942"
"02/16/1954","Donald Merrett","https://skdb.fandom.com/wiki/Donald_Merrett","Death","1954"
"02/17/1993","Paul Bernardo","https://skdb.fandom.com/wiki/Paul_Bernardo","Capture","1993"
"02/18/2012","Stephen Farrow","https://skdb.fandom.com/wiki/Stephen_Farrow","Capture","2012"
"02/19/1998","Susumu Nakayama","https://skdb.fandom.com/wiki/Susumu_Nakayama","Capture","1998"
"02/19/1999","Arohn Kee","https://skdb.fandom.com/wiki/Arohn_Kee","Capture","1999"
"02/20/1989","Bartolomeo Gagliano","https://skdb.fandom.com/wiki/Bartolomeo_Gagliano","Capture","1989"
"02/20/1994","Michel Proot","https://skdb.fandom.com/wiki/Michel_Proot","Capture","1994"
"02/21/1896","Johann Berchtold","https://skdb.fandom.com/wiki/Johann_Berchtold","Capture","1896"
"02/21/1960","Kau Kobayashi","https://skdb.fandom.com/wiki/Kau_Kobayashi","Capture","1960"
"02/21/1980","Luiz Baú","https://skdb.fandom.com/wiki/Luiz_Ba%C3%BA","Capture","1980"
"02/22/2002","Robert Pickton","https://skdb.fandom.com/wiki/Robert_Pickton","Capture","2002"
"02/22/2012","Georgy Martirosyan","https://skdb.fandom.com/wiki/Georgy_Martirosyan","Capture","2012"
"02/23/1957","Joseph Taborsky","https://skdb.fandom.com/wiki/Joseph_Taborsky","Capture","1957"
"02/23/1995","David Middleton","https://skdb.fandom.com/wiki/David_Middleton","Capture","1995"
"02/23/2003","Carl Patton","https://skdb.fandom.com/wiki/Carl_Patton","Capture","2003"
"02/24/1980","Glennon Engleman","https://skdb.fandom.com/wiki/Glennon_Engleman","Capture","1980"
"02/24/1994","Fred West","https://skdb.fandom.com/wiki/Fred_West","Capture","1994"
"02/24/2021","Alan Phillips","https://skdb.fandom.com/wiki/Alan_Phillips","Capture","2021"
"02/24/2022","Vishal Yogi","https://skdb.fandom.com/wiki/Vishal_Yogi","Capture","2022"
"02/25/1842","John Lynch","https://skdb.fandom.com/wiki/John_Lynch","Capture","1842"
"02/25/2005","Dennis Rader","https://skdb.fandom.com/wiki/Dennis_Rader","Capture","2005"
"02/26/1860","Antonio Boggia","https://skdb.fandom.com/wiki/Antonio_Boggia","Capture","1860"
"02/26/1986","Muthukutty Chandran","https://skdb.fandom.com/wiki/Muthukutty_Chandran","Capture","1986"
"02/26/1992","Vincenzo Aiutino","https://skdb.fandom.com/wiki/Vincenzo_Aiutino","Capture","1992"
"02/26/1993","Igor Lendiel","https://skdb.fandom.com/wiki/Igor_Lendiel","Capture","1993"
"02/27/1936","Ralph Von Braun Selz","https://skdb.fandom.com/wiki/Ralph_Von_Braun_Selz","Capture","1936"
"02/27/1975","Luiz Baú","https://skdb.fandom.com/wiki/Luiz_Ba%C3%BA","Capture","1975"
"02/27/1981","Donald Miller","https://skdb.fandom.com/wiki/Donald_Miller_(II)","Capture","1981"
"02/27/1992","Jack Unterweger","https://skdb.fandom.com/wiki/Jack_Unterweger","Capture","1992"
"02/27/2007","Mohammed Sarwar","https://skdb.fandom.com/wiki/Mohammed_Sarwar","Capture","2007"
"02/28/1995","Thomas Rung","https://skdb.fandom.com/wiki/Thomas_Rung","Capture","1995"
"02/02/2012","Samantha Koenig","https://skdb.fandom.com/wiki/Samantha_Koenig","Victim Murdered","2012"
"02/11/1987","Juan Guillermo Nájera Monge","","Victim Murdered","1987"
"02/11/1987","Damaris Rodríguez Martínez","","Victim Murdered","1987"
"02/11/1987","El Psicópata","https://skdb.fandom.com/wiki/El_Psic%C3%B3pata","Victim Murdered","1987"
"02/01/2012","Samantha Koenig","https://skdb.fandom.com/wiki/Samantha_Koenig","Other Event","2012"
"02/23/2004","Norman Flowers","https://skdb.fandom.com/wiki/Norman_Flowers","Other Event","2004"
"02/24/1982","Henry Brisbon","https://skdb.fandom.com/wiki/Henry_Brisbon","Other Event","1982"
"02/26/1986","Daniel Camargo Barbosa","https://skdb.fandom.com/wiki/Daniel_Camargo_Barbosa","Other Event","1986"
"","Angles Snell","https://skdb.fandom.com/wiki/Angles_Snell","Birth","1844"
"","Victor Awwad","https://skdb.fandom.com/wiki/Victor_Awwad","Birth","1922"
"","Larry Cutter","https://skdb.fandom.com/wiki/Larry_Cutter","Birth","1964"
"","Czesław Zakrzewski","https://skdb.fandom.com/wiki/Czes%C5%82aw_Zakrzewski","Death","1972"
"","Józef Zakrzewski","https://skdb.fandom.com/wiki/J%C3%B3zef_Zakrzewski","Death","1972"
"","Fortunato Botton Neto","https://skdb.fandom.com/wiki/Fortunato_Botton_Neto","Death","1997"
"","Kenan Öner","https://skdb.fandom.com/wiki/Kenan_%C3%96ner","Death","2017"
"","Isaac Heller","https://skdb.fandom.com/wiki/Isaac_Heller","Capture","1836"
"","Leroy McGahuey","https://skdb.fandom.com/wiki/Leroy_McGahuey","Capture","1961"
"","Czesław Zakrzewski","https://skdb.fandom.com/wiki/Czes%C5%82aw_Zakrzewski","Capture","1970"
"","Gerald Thomas Archer","https://skdb.fandom.com/wiki/Gerald_Thomas_Archer","Capture","1971"
"","Ángel Nieves Díaz","https://skdb.fandom.com/wiki/%C3%81ngel_Nieves_D%C3%ADaz","Capture","1981"
"","Zhivko Dimitrov","https://skdb.fandom.com/wiki/Zhivko_Dimitrov","Capture","1981"
"","Hsu Tung-chih","https://skdb.fandom.com/wiki/Hsu_Tung-chih","Capture","1983"
"","Cesar Barone","https://skdb.fandom.com/wiki/Cesar_Barone","Capture","1993"
"","Pablo Goncálvez","https://skdb.fandom.com/wiki/Pablo_Gonc%C3%A1lvez","Capture","1993"
"","Vladimir Retunsky","https://skdb.fandom.com/wiki/Vladimir_Retunsky","Capture","1997"
"","Dorángel Vargas","https://skdb.fandom.com/wiki/Dor%C3%A1ngel_Vargas","Capture","1999"
"","Valery Azizov","https://skdb.fandom.com/wiki/Valery_Azizov","Capture","2000"
"","Viorel Chirilă","https://skdb.fandom.com/wiki/Viorel_Chiril%C4%83","Capture","2000"
"","Iouri Mikhel","https://skdb.fandom.com/wiki/Iouri_Mikhel","Capture","2002"
"","Jurijus Kadamovas","https://skdb.fandom.com/wiki/Jurijus_Kadamovas","Capture","2002"
"","Ivan Kuzmenko","https://skdb.fandom.com/wiki/Ivan_Kuzmenko","Capture","2007"
"","Jorge Avila-Torrez","https://skdb.fandom.com/wiki/Jorge_Avila-Torrez","Capture","2010"
"","Noh","https://skdb.fandom.com/wiki/Noh","Capture","2015"
