"Event Date","Serial Killer Name","Serial Killer Profile URL","Event Type","Year of Event"
"01/01/1938","Boris Gusakov","https://skdb.fandom.com/wiki/Boris_Gusakov","Birth","1938"
"01/01/1940","Clifford Olson","https://skdb.fandom.com/wiki/Clifford_Olson","Birth","1940"
"01/01/1961","Donald Broadnax","https://skdb.fandom.com/wiki/Donald_Broadnax","Birth","1961"
"01/01/1962","Pyotr Gerankov","https://skdb.fandom.com/wiki/Pyotr_Gerankov","Birth","1962"
"01/01/1966","Viorel Chirilă","https://skdb.fandom.com/wiki/Viorel_Chiril%C4%83","Birth","1966"
"01/01/1977","Patrick Soultana","https://skdb.fandom.com/wiki/Patrick_Soultana","Birth","1977"
"01/01/1986","Yeyson Liendo Mamani","https://skdb.fandom.com/wiki/Yeyson_Liendo_Mamani","Birth","1986"
"01/02/1938","Ian Brady","https://skdb.fandom.com/wiki/Ian_Brady","Birth","1938"
"01/02/1942","Gen Sekine","https://skdb.fandom.com/wiki/Gen_Sekine","Birth","1942"
"01/02/1944","Anthony Sully","https://skdb.fandom.com/wiki/Anthony_Sully","Birth","1944"
"01/02/1958","Robert Willie","https://skdb.fandom.com/wiki/Robert_Willie","Birth","1958"
"01/02/1967","Marcelo Costa de Andrade","https://skdb.fandom.com/wiki/Marcelo_Costa_de_Andrade","Birth","1967"
"01/03/1946","Phillip Jablonski","https://skdb.fandom.com/wiki/Phillip_Jablonski","Birth","1946"
"01/03/1961","Thomas Rung","https://skdb.fandom.com/wiki/Thomas_Rung","Birth","1961"
"01/04/1943","Lowell Amos","https://skdb.fandom.com/wiki/Lowell_Amos","Birth","1943"
"01/04/1965","David Allen Rundle","https://skdb.fandom.com/wiki/David_Allen_Rundle","Birth","1965"
"01/04/1990","Lucy Letby","https://skdb.fandom.com/wiki/Lucy_Letby","Birth","1990"
"01/05/1915","Ted Carr","https://skdb.fandom.com/wiki/Ted_Carr","Birth","1915"
"01/05/1961","Edward Spreitzer","https://skdb.fandom.com/wiki/Edward_Spreitzer","Birth","1961"
"01/05/1971","Alexander Gerashchenko","https://skdb.fandom.com/wiki/Alexander_Gerashchenko","Birth","1971"
"01/06/1957","Louis Craine","https://skdb.fandom.com/wiki/Louis_Craine","Birth","1957"
"01/06/1969","Vincent Johnson","https://skdb.fandom.com/wiki/Vincent_Johnson","Birth","1969"
"01/07/1896","Joe Ball","https://skdb.fandom.com/wiki/Joe_Ball","Birth","1896"
"01/07/1919","Robert Askins","https://skdb.fandom.com/wiki/Robert_Askins","Birth","1919"
"01/07/1934","Joseph Naso","https://skdb.fandom.com/wiki/Joseph_Naso","Birth","1934"
"01/07/1959","Oleksandr Kornev","https://skdb.fandom.com/wiki/Oleksandr_Kornev","Birth","1959"
"01/07/1972","Vladimir Belov","https://skdb.fandom.com/wiki/Vladimir_Belov","Birth","1972"
"01/07/1978","Israel Keyes","https://skdb.fandom.com/wiki/Israel_Keyes","Birth","1978"
"01/07/1984","Mykhailo Kurilik","https://skdb.fandom.com/wiki/Mykhailo_Kurilik","Birth","1984"
"01/08/1901","Henry Gein","https://skdb.fandom.com/wiki/Henry_Gein","Birth","1901"
"01/08/1943","Richard Valenti","https://skdb.fandom.com/wiki/Richard_Valenti","Birth","1943"
"01/09/1930","Hugh Morse","https://skdb.fandom.com/wiki/Hugh_Morse","Birth","1930"
"01/09/1937","Eddie Snowden","https://skdb.fandom.com/wiki/Eddie_Snowden","Birth","1937"
"01/09/1937","Jesse Sumner","https://skdb.fandom.com/wiki/Jesse_Sumner","Birth","1937"
"01/09/1964","Ronald Dominique","https://skdb.fandom.com/wiki/Ronald_Dominique","Birth","1964"
"01/09/1970","He Tiandai","https://skdb.fandom.com/wiki/He_Tiandai","Birth","1970"
"01/10/1925","Gusztáv Léderer","https://skdb.fandom.com/wiki/Guszt%C3%A1v_L%C3%A9derer","Capture","1925"
"01/10/1933","Robert Spangler","https://skdb.fandom.com/wiki/Robert_Spangler","Birth","1933"
"01/10/1961","Kelvin Malone","https://skdb.fandom.com/wiki/Kelvin_Malone","Birth","1961"
"01/10/1970","Christine Malèvre","https://skdb.fandom.com/wiki/Christine_Mal%C3%A8vre","Birth","1970"
"01/10/1970","Erasmo Moena","https://skdb.fandom.com/wiki/Erasmo_Moena","Birth","1970"
"01/11/1871","John Kizer","https://skdb.fandom.com/wiki/John_Kizer","Birth","1871"
"01/11/1872","George Joseph Smith","https://skdb.fandom.com/wiki/George_Joseph_Smith","Birth","1872"
"01/11/1898","William Peach Young","https://skdb.fandom.com/wiki/William_Peach_Young","Birth","1898"
"01/11/1906","Harold Jones","https://skdb.fandom.com/wiki/Harold_Jones","Birth","1906"
"01/11/1934","Péter Kovács","https://skdb.fandom.com/wiki/P%C3%A9ter_Kov%C3%A1cs","Birth","1934"
"01/11/1946","Raymond Eugene Brown","https://skdb.fandom.com/wiki/Raymond_Eugene_Brown","Birth","1946"
"01/11/1956","Gerald Pizzuto","https://skdb.fandom.com/wiki/Gerald_Pizzuto","Birth","1956"
"01/12/1951","Warren Alexander","https://skdb.fandom.com/wiki/Warren_Alexander","Birth","1951"
"01/12/1956","Henry Brisbon","https://skdb.fandom.com/wiki/Henry_Brisbon","Birth","1956"
"01/12/1967","Norman Afzal Simons","https://skdb.fandom.com/wiki/Norman_Afzal_Simons","Birth","1967"
"01/12/1977","Samuel Cooper","https://skdb.fandom.com/wiki/Samuel_Cooper","Birth","1977"
"01/13/1946","Michel Bellen","https://skdb.fandom.com/wiki/Michel_Bellen","Birth","1946"
"01/13/1948","Susumu Nakayama","https://skdb.fandom.com/wiki/Susumu_Nakayama","Birth","1948"
"01/14/1869","Minnie Wallace Walkup","https://skdb.fandom.com/wiki/Minnie_Wallace_Walkup","Birth","1869"
"01/14/1898","Edgar Smoak","https://skdb.fandom.com/wiki/Edgar_Smoak","Birth","1898"
"01/14/1946","Harold Shipman","https://skdb.fandom.com/wiki/Harold_Shipman","Birth","1946"
"01/14/1956","Masakatsu Nishikawa","https://skdb.fandom.com/wiki/Masakatsu_Nishikawa","Birth","1956"
"01/14/1959","David Van Dyke","https://skdb.fandom.com/wiki/David_Van_Dyke","Birth","1959"
"01/15/1934","Piroska Jancsó-Ladányi","https://skdb.fandom.com/wiki/Piroska_Jancs%C3%B3-Lad%C3%A1nyi","Birth","1934"
"01/15/1953","Robert Alton Harris","https://skdb.fandom.com/wiki/Robert_Alton_Harris","Birth","1953"
"01/15/1955","Joseph Robert Miller","https://skdb.fandom.com/wiki/Joseph_Robert_Miller","Birth","1955"
"01/15/1957","Michael St. Clair","https://skdb.fandom.com/wiki/Michael_St._Clair","Birth","1957"
"01/16/1941","Joseph Baldi","https://skdb.fandom.com/wiki/Joseph_Baldi","Birth","1941"
"01/16/1960","Marco Furlan","https://skdb.fandom.com/wiki/Marco_Furlan","Birth","1960"
"01/16/1960","Thomas Garner","https://skdb.fandom.com/wiki/Thomas_Garner","Birth","1960"
"01/17/1897","Marcel Petiot","https://skdb.fandom.com/wiki/Marcel_Petiot","Birth","1897"
"01/17/1935","Kiyoshi Ōkubo","https://skdb.fandom.com/wiki/Kiyoshi_%C5%8Ckubo","Birth","1935"
"01/17/1954","Christopher Worrell","https://skdb.fandom.com/wiki/Christopher_Worrell","Birth","1954"
"01/17/1968","Oleg Snegov","https://skdb.fandom.com/wiki/Oleg_Snegov","Birth","1968"
"01/18/1932","Clarence McCutcheon","https://skdb.fandom.com/wiki/Clarence_McCutcheon","Birth","1932"
"01/18/1957","Paul Rhoades","https://skdb.fandom.com/wiki/Paul_Rhoades","Birth","1957"
"01/18/1958","Gregory Peyton","https://skdb.fandom.com/wiki/Gregory_Peyton","Birth","1958"
"01/18/1988","Megan Waterman","https://skdb.fandom.com/wiki/Megan_Waterman","Birth","1988"
"01/19/1944","Vaughn Greenwood","https://skdb.fandom.com/wiki/Vaughn_Greenwood","Birth","1944"
"01/19/1953","Michael Lupo","https://skdb.fandom.com/wiki/Michael_Lupo","Birth","1953"
"01/19/1958","Altemio Sanchez","https://skdb.fandom.com/wiki/Altemio_Sanchez","Birth","1958"
"01/19/1962","Cynthia Coffman","https://skdb.fandom.com/wiki/Cynthia_Coffman","Birth","1962"
"01/19/1971","Claude Lastennet","https://skdb.fandom.com/wiki/Claude_Lastennet","Birth","1971"
"01/20/1958","Girvies Davis","https://skdb.fandom.com/wiki/Girvies_Davis","Birth","1958"
"01/20/1959","Joel Rifkin","https://skdb.fandom.com/wiki/Joel_Rifkin","Birth","1959"
"01/20/1969","Christopher Peterson","https://skdb.fandom.com/wiki/Christopher_Peterson","Birth","1969"
"01/21/1899","John Bodkin Adams","https://skdb.fandom.com/wiki/John_Bodkin_Adams","Birth","1899"
"01/21/1934","Émile Louis","https://skdb.fandom.com/wiki/%C3%89mile_Louis","Birth","1934"
"01/21/1937","Warren James Bland","https://skdb.fandom.com/wiki/Warren_James_Bland","Birth","1937"
"01/21/1990","Cody Legebokoff","https://skdb.fandom.com/wiki/Cody_Legebokoff","Birth","1990"
"01/22/1930","Daniel Camargo Barbosa","https://skdb.fandom.com/wiki/Daniel_Camargo_Barbosa","Birth","1930"
"01/22/1931","Elfriede Blauensteiner","https://skdb.fandom.com/wiki/Elfriede_Blauensteiner","Birth","1931"
"01/22/1951","Anatoli Neželski","https://skdb.fandom.com/wiki/Anatoli_Ne%C5%BEelski","Birth","1951"
"01/22/1952","Robledo Puch","https://skdb.fandom.com/wiki/Robledo_Puch","Birth","1952"
"01/22/1954","John Kalhauser","https://skdb.fandom.com/wiki/John_Kalhauser","Birth","1954"
"01/22/1962","Oscar Bolin","https://skdb.fandom.com/wiki/Oscar_Bolin","Birth","1962"
"01/22/1962","François Vérove","https://skdb.fandom.com/wiki/Fran%C3%A7ois_V%C3%A9rove","Birth","1962"
"01/22/1969","Shelly Andre Brooks","https://skdb.fandom.com/wiki/Shelly_Andre_Brooks","Birth","1969"
"01/23/1938","Gayno Smith","https://skdb.fandom.com/wiki/Gayno_Smith","Birth","1938"
"01/23/1977","Andrei Melyukh","https://skdb.fandom.com/wiki/Andrei_Melyukh","Birth","1977"
"01/23/1982","Christopher Clements","https://skdb.fandom.com/wiki/Christopher_Clements","Birth","1982"
"01/24/1936","Darryl Kemp","https://skdb.fandom.com/wiki/Darryl_Kemp","Birth","1936"
"01/24/1951","Tadeusz Kwaśniak","https://skdb.fandom.com/wiki/Tadeusz_Kwa%C5%9Bniak","Birth","1951"
"01/24/1962","Jean-Marc Petroff","https://skdb.fandom.com/wiki/Jean-Marc_Petroff","Birth","1962"
"01/24/1965","Brenda O'Connor","https://skdb.fandom.com/wiki/Brenda_O%27Connor","Birth","1965"
"01/25/1943","Manuel Delgado Villegas","https://skdb.fandom.com/wiki/Manuel_Delgado_Villegas","Birth","1943"
"01/25/1949","Donnie Burl Lemons","https://skdb.fandom.com/wiki/Donnie_Burl_Lemons","Birth","1949"
"01/25/1950","Carlos Alberto Topp Collins","https://skdb.fandom.com/wiki/Carlos_Alberto_Topp_Collins","Birth","1950"
"01/25/1957","Luis Garavito","https://skdb.fandom.com/wiki/Luis_Garavito","Birth","1957"
"01/25/1962","Gary Ray Bowles","https://skdb.fandom.com/wiki/Gary_Ray_Bowles","Birth","1962"
"01/25/1963","Juan Segundo","https://skdb.fandom.com/wiki/Juan_Segundo","Birth","1963"
"01/25/1975","Natalia Baksheeva","https://skdb.fandom.com/wiki/Natalia_Baksheeva","Birth","1975"
"01/25/1982","Gustavo Adolfo Morales","https://skdb.fandom.com/wiki/Gustavo_Adolfo_Morales","Birth","1982"
"01/25/1985","Thiago Lages Fernandes","https://skdb.fandom.com/wiki/Thiago_Lages_Fernandes","Birth","1985"
"01/26/1814","Michael Moore","https://skdb.fandom.com/wiki/Michael_Moore","Birth","1814"
"01/26/1950","Edward Castro","https://skdb.fandom.com/wiki/Edward_Castro","Birth","1950"
"01/26/1950","Wayne Donald Horton","https://skdb.fandom.com/wiki/Wayne_Donald_Horton","Birth","1950"
"01/26/1958","Anatoly Nagiyev","https://skdb.fandom.com/wiki/Anatoly_Nagiyev","Birth","1958"
"01/26/1966","Terry Milligan","https://skdb.fandom.com/wiki/Terry_Milligan","Birth","1966"
"01/26/1993","Howell Donaldson","https://skdb.fandom.com/wiki/Howell_Donaldson","Birth","1993"
"01/27/1952","Kevin Sweat","https://skdb.fandom.com/wiki/Kevin_Sweat","Birth","1952"
"01/27/1959","Firat Samigullin","https://skdb.fandom.com/wiki/Firat_Samigullin","Birth","1959"
"01/27/1967","Ivan Panchenko","https://skdb.fandom.com/wiki/Ivan_Panchenko","Birth","1967"
"01/27/1971","Lam Kwok-wai","https://skdb.fandom.com/wiki/Lam_Kwok-wai","Birth","1971"
"01/27/1978","Dmitry Kuleshov","https://skdb.fandom.com/wiki/Dmitry_Kuleshov","Birth","1978"
"01/28/1905","Yoshio Kodaira","https://skdb.fandom.com/wiki/Yoshio_Kodaira","Birth","1905"
"01/28/1921","James Hall","https://skdb.fandom.com/wiki/James_Hall","Birth","1921"
"01/28/1935","Erzsébet Papp","https://skdb.fandom.com/wiki/Erzs%C3%A9bet_Papp","Birth","1935"
"01/28/1965","Anthony Sears","https://skdb.fandom.com/wiki/Anthony_Sears","Birth","1965"
"01/28/1970","Paul Runge","https://skdb.fandom.com/wiki/Paul_Runge","Birth","1970"
"01/28/1982","Dmitry Baksheev","https://skdb.fandom.com/wiki/Dmitry_Baksheev","Birth","1982"
"01/29/1930","Willis Brown","https://skdb.fandom.com/wiki/Willis_Brown","Death","1930"
"01/29/1947","Thomas Whisenhant","https://skdb.fandom.com/wiki/Thomas_Whisenhant","Birth","1947"
"01/29/1948","Philip Joseph Hughes Jr.","https://skdb.fandom.com/wiki/Philip_Joseph_Hughes_Jr.","Birth","1948"
"01/29/1953","Bruce Lindahl","https://skdb.fandom.com/wiki/Bruce_Lindahl","Birth","1953"
"01/29/1955","Alex Mengel","https://skdb.fandom.com/wiki/Alex_Mengel","Birth","1955"
"01/30/1945","James Paster","https://skdb.fandom.com/wiki/James_Paster","Birth","1945"
"01/30/1969","Yuri Tsiuman","https://skdb.fandom.com/wiki/Yuri_Tsiuman","Birth","1969"
"01/30/2007","Yevgeny Kolesnikov","https://skdb.fandom.com/wiki/Yevgeny_Kolesnikov","Capture","2007"
"01/31/1939","Jerry Brudos","https://skdb.fandom.com/wiki/Jerry_Brudos","Birth","1939"
"01/31/1949","Robert Berdella","https://skdb.fandom.com/wiki/Robert_Berdella","Birth","1949"
"01/31/1961","Darin Kendrick","https://skdb.fandom.com/wiki/Darin_Kendrick","Birth","1961"
"01/31/1963","Lee Choon-jae","https://skdb.fandom.com/wiki/Lee_Choon-jae","Birth","1963"
"","Eunice Brillhart","https://skdb.fandom.com/wiki/Eunice_Brillhart","Birth","1926"
"","David Spanbauer","https://skdb.fandom.com/wiki/David_Spanbauer","Birth","1941"
"","David James Roberts","https://skdb.fandom.com/wiki/David_James_Roberts","Birth","1944"
"","Liu Mingwu","https://skdb.fandom.com/wiki/Liu_Mingwu","Birth","1960"
"01/01/1995","Fred West","https://skdb.fandom.com/wiki/Fred_West","Death","1995"
"01/01/2007","Leonard Fraser","https://skdb.fandom.com/wiki/Leonard_Fraser","Death","2007"
"01/02/1971","Harold Jones","https://skdb.fandom.com/wiki/Harold_Jones","Death","1971"
"01/03/1902","John Robinson","https://skdb.fandom.com/wiki/John_Robinson","Death","1902"
"01/03/1906","Sarah Jane Robinson","https://skdb.fandom.com/wiki/Sarah_Jane_Robinson","Death","1906"
"01/03/1941","Stephen Kiyoshk","https://skdb.fandom.com/wiki/Stephen_Kiyoshk","Death","1941"
"01/03/2010","Wayne Horton","https://skdb.fandom.com/wiki/Wayne_Horton","Death","2010"
"01/03/2019","Gao Chengyong","https://skdb.fandom.com/wiki/Gao_Chengyong","Death","2019"
"01/04/1876","Sophie Bouyon","https://skdb.fandom.com/wiki/Sophie_Bouyon","Death","1876"
"01/04/1888","William Kelly","https://skdb.fandom.com/wiki/William_Kelly","Death","1888"
"01/04/1888","Kate Kelly","https://skdb.fandom.com/wiki/Kate_Kelly","Death","1888"
"01/04/1888","William Kelly Jr.","https://skdb.fandom.com/wiki/William_Kelly_Jr.","Death","1888"
"01/04/1888","Kit Kelly","https://skdb.fandom.com/wiki/Kit_Kelly","Death","1888"
"01/04/1946","James Hall","https://skdb.fandom.com/wiki/James_Hall","Death","1946"
"01/05/1993","Westley Allan Dodd","https://skdb.fandom.com/wiki/Westley_Allan_Dodd","Death","1993"
"01/05/1999","Donald Evans","https://skdb.fandom.com/wiki/Donald_Evans","Death","1999"
"01/05/2008","Ronald Lee Moore","https://skdb.fandom.com/wiki/Ronald_Lee_Moore","Death","2008"
"01/05/2022","Lowell Amos","https://skdb.fandom.com/wiki/Lowell_Amos","Death","2022"
"01/06/2004","Ynobe Matthews","https://skdb.fandom.com/wiki/Ynobe_Matthews","Death","2004"
"01/07/1898","Antonie Richard","https://skdb.fandom.com/wiki/Antonie_Richard","Death","1898"
"01/07/1976","Sebastião Antônio de Oliveira","https://skdb.fandom.com/wiki/Sebasti%C3%A3o_Ant%C3%B4nio_de_Oliveira","Death","1976"
"01/07/2016","Oscar Bolin","https://skdb.fandom.com/wiki/Oscar_Bolin","Death","2016"
"01/08/1876","Joseph Riaud","https://skdb.fandom.com/wiki/Joseph_Riaud","Death","1876"
"01/08/1895","Matti Haapoja","https://skdb.fandom.com/wiki/Matti_Haapoja","Death","1895"
"01/08/2021","Farzad Nasser Jourshari","https://skdb.fandom.com/wiki/Farzad_Nasser_Jourshari","Death","2021"
"01/10/1993","Robert Biehler","https://skdb.fandom.com/wiki/Robert_Biehler","Death","1993"
"01/10/2013","Zhang Yongming","https://skdb.fandom.com/wiki/Zhang_Yongming","Death","2013"
"01/10/2023","Donald Blom","https://skdb.fandom.com/wiki/Donald_Blom","Death","2023"
"01/11/2006","Cai Bin","https://skdb.fandom.com/wiki/Cai_Bin","Death","2006"
"01/12/2016","Robert Black","https://skdb.fandom.com/wiki/Robert_Black","Death","2016"
"01/12/2016","Samuel Evans","https://skdb.fandom.com/wiki/Samuel_Evans","Death","2016"
"01/13/1928","Earle Nelson","https://skdb.fandom.com/wiki/Earle_Nelson","Death","1928"
"01/13/1999","Robert Brashers","https://skdb.fandom.com/wiki/Robert_Brashers","Death","1999"
"01/13/1999","Kelvin Malone","https://skdb.fandom.com/wiki/Kelvin_Malone","Death","1999"
"01/13/2004","Harold Shipman","https://skdb.fandom.com/wiki/Harold_Shipman","Death","2004"
"01/13/2008","Larry D. Hubbard","https://skdb.fandom.com/wiki/Larry_D._Hubbard","Death","2008"
"01/14/2023","Miyuki Ueta","https://skdb.fandom.com/wiki/Miyuki_Ueta","Death","2023"
"01/15/1894","Frances Knorr","https://skdb.fandom.com/wiki/Frances_Knorr","Death","1894"
"01/15/1943","Jarvis Catoe","https://skdb.fandom.com/wiki/Jarvis_Catoe","Death","1943"
"01/16/1665","Catalina de los Ríos y Lísperguer","https://skdb.fandom.com/wiki/Catalina_de_los_R%C3%ADos_y_L%C3%ADsperguer","Death","1665"
"01/16/1822","John Thomas","https://skdb.fandom.com/wiki/John_Thomas","Death","1822"
"01/16/1936","Albert Fish","https://skdb.fandom.com/wiki/Albert_Fish","Death","1936"
"01/16/1990","Stephen Snedegar","https://skdb.fandom.com/wiki/Stephen_Snedegar","Death","1990"
"01/16/2012","Loren Herzog","https://skdb.fandom.com/wiki/Loren_Herzog","Death","2012"
"01/16/2013","Robert Gleason","https://skdb.fandom.com/wiki/Robert_Gleason","Death","2013"
"01/17/1992","Sergey Kashintsev","https://skdb.fandom.com/wiki/Sergey_Kashintsev","Death","1992"
"01/17/2021","Camille Cléroux","https://skdb.fandom.com/wiki/Camille_Cl%C3%A9roux","Death","2021"
"01/18/1573","Gilles Garnier","https://skdb.fandom.com/wiki/Gilles_Garnier","Death","1573"
"01/18/1581","Simeon Fleischer","https://skdb.fandom.com/wiki/Simeon_Fleischer","Death","1581"
"01/18/1979","David Likens","https://skdb.fandom.com/wiki/David_Likens","Death","1979"
"01/18/2018","Anthony Allen Shore","https://skdb.fandom.com/wiki/Anthony_Allen_Shore","Death","2018"
"01/19/2005","Donald Beardslee","https://skdb.fandom.com/wiki/Donald_Beardslee","Death","2005"
"01/19/2021","Nathaniel Burkett","https://skdb.fandom.com/wiki/Nathaniel_Burkett","Death","2021"
"01/20/1971","Robert Liberty","https://skdb.fandom.com/wiki/Robert_Liberty","Death","1971"
"01/20/1993","Johnny Peterson","https://skdb.fandom.com/wiki/Johnny_Peterson","Death","1993"
"01/20/1995","Luo Shubiao","https://skdb.fandom.com/wiki/Luo_Shubiao","Death","1995"
"01/20/2006","David Maust","https://skdb.fandom.com/wiki/David_Maust","Death","2006"
"01/21/2005","Sergei Ryakhovsky","https://skdb.fandom.com/wiki/Sergei_Ryakhovsky","Death","2005"
"01/21/2016","Derrick Todd Lee","https://skdb.fandom.com/wiki/Derrick_Todd_Lee","Death","2016"
"01/22/1906","Pierre Basson","https://skdb.fandom.com/wiki/Pierre_Basson","Death","1906"
"01/22/1925","Herbert Copeland","https://skdb.fandom.com/wiki/Herbert_Copeland","Death","1925"
"01/22/1976","Kiyoshi Ōkubo","https://skdb.fandom.com/wiki/Kiyoshi_%C5%8Ckubo","Death","1976"
"01/22/2015","Bartolomeo Gagliano","https://skdb.fandom.com/wiki/Bartolomeo_Gagliano","Death","2015"
"01/23/1962","Erzsébet Papp","https://skdb.fandom.com/wiki/Erzs%C3%A9bet_Papp","Death","1962"
"01/23/1997","Randy Greenawalt","https://skdb.fandom.com/wiki/Randy_Greenawalt","Death","1997"
"01/23/1999","Joseph Atkins","https://skdb.fandom.com/wiki/Joseph_Atkins","Death","1999"
"01/23/2023","Franklin Floyd","https://skdb.fandom.com/wiki/Franklin_Floyd","Death","2023"
"01/24/1989","Ted Bundy","https://skdb.fandom.com/wiki/Ted_Bundy","Death","1989"
"01/24/1992","Jia Wenge","https://skdb.fandom.com/wiki/Jia_Wenge","Death","1992"
"01/24/2022","Joël Matencio","https://skdb.fandom.com/wiki/Jo%C3%ABl_Matencio","Death","2022"
"01/26/2011","Mike DeBardeleben","https://skdb.fandom.com/wiki/Mike_DeBardeleben","Death","2011"
"01/27/2012","Mohammed Sarwar","https://skdb.fandom.com/wiki/Mohammed_Sarwar","Death","2012"
"01/27/2023","Malcolm Robbins","https://skdb.fandom.com/wiki/Malcolm_Robbins","Death","2023"
"01/28/1829","William Burke","https://skdb.fandom.com/wiki/William_Burke","Death","1829"
"01/28/1979","Akiyoshi Umekawa","https://skdb.fandom.com/wiki/Akiyoshi_Umekawa","Death","1979"
"01/28/2017","Fernando Caro","https://skdb.fandom.com/wiki/Fernando_Caro","Death","2017"
"01/29/1985","Jorge José Sagredo","https://skdb.fandom.com/wiki/Jorge_Jos%C3%A9_Sagredo","Death","1985"
"01/29/1985","Carlos Alberto Topp Collins","https://skdb.fandom.com/wiki/Carlos_Alberto_Topp_Collins","Death","1985"
"01/29/2002","Stephen Wayne Anderson","https://skdb.fandom.com/wiki/Stephen_Wayne_Anderson","Death","2002"
"01/29/2009","Shojiro Nishimoto","https://skdb.fandom.com/wiki/Shojiro_Nishimoto","Death","2009"
"01/29/2020","Esteban Lorenzo Duarte","https://skdb.fandom.com/wiki/Esteban_Lorenzo_Duarte","Death","2020"
"01/31/1949","Victor Awwad","https://skdb.fandom.com/wiki/Victor_Awwad","Death","1949"
"01/31/2006","Ralph Andrews","https://skdb.fandom.com/wiki/Ralph_Andrews","Death","2006"
"01/31/2007","Eli Stutzman","https://skdb.fandom.com/wiki/Eli_Stutzman","Death","2007"
"01/31/2013","Harry Greenwell","https://skdb.fandom.com/wiki/Harry_Greenwell","Death","2013"
"","Andrew Hellman","https://skdb.fandom.com/wiki/Andrew_Hellman","Death","1844"
"","William Schmidt","https://skdb.fandom.com/wiki/William_Schmidt","Death","1990"
"","Sergey Anoiko","https://skdb.fandom.com/wiki/Sergey_Anoiko","Death","2006"
"01/02/1981","Peter Sutcliffe","https://skdb.fandom.com/wiki/Peter_Sutcliffe","Capture","1981"
"01/02/2000","Tommy Lynn Sells","https://skdb.fandom.com/wiki/Tommy_Lynn_Sells","Capture","2000"
"01/02/2003","Anthony Hardy","https://skdb.fandom.com/wiki/Anthony_Hardy","Capture","2003"
"01/03/1964","Akira Nishiguchi","https://skdb.fandom.com/wiki/Akira_Nishiguchi","Capture","1964"
"01/03/1964","Steven Washington","https://skdb.fandom.com/wiki/Steven_Washington","Capture","1964"
"01/03/1985","Mark Cunningham","https://skdb.fandom.com/wiki/Mark_Cunningham","Capture","1985"
"01/04/1888","William Kelly","https://skdb.fandom.com/wiki/William_Kelly","Capture","1888"
"01/04/1888","Kate Kelly","https://skdb.fandom.com/wiki/Kate_Kelly","Capture","1888"
"01/04/1888","William Kelly Jr.","https://skdb.fandom.com/wiki/William_Kelly_Jr.","Capture","1888"
"01/04/1888","Kit Kelly","https://skdb.fandom.com/wiki/Kit_Kelly","Capture","1888"
"01/04/2010","Ronald Janssen","https://skdb.fandom.com/wiki/Ronald_Janssen","Capture","2010"
"01/05/1990","Arthur Shawcross","https://skdb.fandom.com/wiki/Arthur_Shawcross","Capture","1990"
"01/05/1995","Gen Sekine","https://skdb.fandom.com/wiki/Gen_Sekine","Capture","1995"
"01/05/2008","Gary Hilton","https://skdb.fandom.com/wiki/Gary_Hilton","Capture","2008"
"01/06/1982","James Winkles","https://skdb.fandom.com/wiki/James_Winkles","Capture","1982"
"01/06/1998","Franklin Alix","https://skdb.fandom.com/wiki/Franklin_Alix","Capture","1998"
"01/06/1999","Samuel Sidyno","https://skdb.fandom.com/wiki/Samuel_Sidyno","Capture","1999"
"01/06/2001","Daisuke Mori","https://skdb.fandom.com/wiki/Daisuke_Mori","Capture","2001"
"01/06/2016","Andrés Castillo","https://skdb.fandom.com/wiki/Andr%C3%A9s_Castillo","Capture","2016"
"01/07/1992","Masakatsu Nishikawa","https://skdb.fandom.com/wiki/Masakatsu_Nishikawa","Capture","1992"
"01/07/1999","Gustavo Adolfo Morales","https://skdb.fandom.com/wiki/Gustavo_Adolfo_Morales","Capture","1999"
"01/07/2022","Juan Arreola-Murillo","https://skdb.fandom.com/wiki/Juan_Arreola-Murillo","Capture","2022"
"01/08/1892","Fritz Erbe","https://skdb.fandom.com/wiki/Fritz_Erbe","Capture","1892"
"01/08/1892","Dorothee Buntrock","https://skdb.fandom.com/wiki/Dorothee_Buntrock","Capture","1892"
"01/08/1980","Jurn Norris","https://skdb.fandom.com/wiki/Jurn_Norris","Capture","1980"
"01/08/1982","John Paul Phillips","https://skdb.fandom.com/wiki/John_Paul_Phillips","Capture","1982"
"01/08/2002","Joshua Andrews","https://skdb.fandom.com/wiki/Joshua_Andrews","Capture","2002"
"01/08/2010","Baekuni","https://skdb.fandom.com/wiki/Baekuni","Capture","2010"
"01/09/1992","William Suff","https://skdb.fandom.com/wiki/William_Suff","Capture","1992"
"01/10/1884","Hugo Schenk","https://skdb.fandom.com/wiki/Hugo_Schenk","Capture","1884"
"01/10/1934","William Bayly","https://skdb.fandom.com/wiki/William_Bayly","Capture","1934"
"01/10/1977","Waldo Grant","https://skdb.fandom.com/wiki/Waldo_Grant","Capture","1977"
"01/10/2022","Singhraj Nagar","https://skdb.fandom.com/wiki/Singhraj_Nagar","Capture","2022"
"01/11/1984","Judy Buenoano","https://skdb.fandom.com/wiki/Judy_Buenoano","Capture","1984"
"01/11/2000","Sid Ahmed Rezala","https://skdb.fandom.com/wiki/Sid_Ahmed_Rezala","Capture","2000"
"01/12/1979","Kenneth Bianchi","https://skdb.fandom.com/wiki/Kenneth_Bianchi","Capture","1979"
"01/12/1984","John Joubert","https://skdb.fandom.com/wiki/John_Joubert","Capture","1984"
"01/12/1994","Claude Lastennet","https://skdb.fandom.com/wiki/Claude_Lastennet","Capture","1994"
"01/12/2001","Rio Alex Bulo","https://skdb.fandom.com/wiki/Rio_Alex_Bulo","Capture","2001"
"01/12/2010","Ahn Nam-gi","https://skdb.fandom.com/wiki/Ahn_Nam-gi","Capture","2010"
"01/13/1958","Peter Manuel","https://skdb.fandom.com/wiki/Peter_Manuel","Capture","1958"
"01/13/2002","Matthew Steven Johnson","https://skdb.fandom.com/wiki/Matthew_Steven_Johnson","Capture","2002"
"01/14/1918","Boonpeng","https://skdb.fandom.com/wiki/Boonpeng","Capture","1918"
"01/14/1942","Herman Allen","https://skdb.fandom.com/wiki/Herman_Allen","Capture","1942"
"01/14/1964","María de Jesús González","https://skdb.fandom.com/wiki/Mar%C3%ADa_de_Jes%C3%BAs_Gonz%C3%A1lez","Capture","1964"
"01/14/1964","María Delfina González","https://skdb.fandom.com/wiki/Mar%C3%ADa_Delfina_Gonz%C3%A1lez","Capture","1964"
"01/14/1982","David Bullock","https://skdb.fandom.com/wiki/David_Bullock","Capture","1982"
"01/15/1948","Miyuki Ishikawa","https://skdb.fandom.com/wiki/Miyuki_Ishikawa","Capture","1948"
"01/15/1987","Edward Castro","https://skdb.fandom.com/wiki/Edward_Castro","Capture","1987"
"01/15/2007","Altemio Sanchez","https://skdb.fandom.com/wiki/Altemio_Sanchez","Capture","2007"
"01/15/2012","Denis Gorin","https://skdb.fandom.com/wiki/Denis_Gorin","Capture","2012"
"01/16/1952","Genzo Kurita","https://skdb.fandom.com/wiki/Genzo_Kurita","Capture","1952"
"01/16/1975","Gary Rardon","https://skdb.fandom.com/wiki/Gary_Rardon","Capture","1975"
"01/16/2007","Alexander Elistratov","https://skdb.fandom.com/wiki/Alexander_Elistratov","Capture","2007"
"01/17/1975","Joseph Kallinger","https://skdb.fandom.com/wiki/Joseph_Kallinger","Capture","1975"
"01/17/1997","Jüri Mosin","https://skdb.fandom.com/wiki/J%C3%BCri_Mosin","Capture","1997"
"01/17/2000","Maxim Petrov","https://skdb.fandom.com/wiki/Maxim_Petrov","Capture","2000"
"01/17/2011","Antonio Rodriguez","https://skdb.fandom.com/wiki/Antonio_Rodriguez","Capture","2011"
"01/18/1971","Manuel Delgado Villegas","https://skdb.fandom.com/wiki/Manuel_Delgado_Villegas","Capture","1971"
"01/18/1994","Lee Choon-jae","https://skdb.fandom.com/wiki/Lee_Choon-jae","Capture","1994"
"01/18/2018","Bruce McArthur","https://skdb.fandom.com/wiki/Bruce_McArthur","Capture","2018"
"01/19/2011","Kermit Gosnell","https://skdb.fandom.com/wiki/Kermit_Gosnell","Capture","2011"
"01/20/1988","Timothy Wilson Spencer","https://skdb.fandom.com/wiki/Timothy_Wilson_Spencer","Capture","1988"
"01/20/2000","Donald Piper","https://skdb.fandom.com/wiki/Donald_Piper","Capture","2000"
"01/20/2005","Larry Bright","https://skdb.fandom.com/wiki/Larry_Bright","Capture","2005"
"01/22/1869","Thomas D. Carr","https://skdb.fandom.com/wiki/Thomas_D._Carr","Capture","1869"
"01/22/1906","Pierre Basson","https://skdb.fandom.com/wiki/Pierre_Basson","Capture","1906"
"01/22/1983","Richard Biegenwald","https://skdb.fandom.com/wiki/Richard_Biegenwald","Capture","1983"
"01/22/1990","Shim Young-gu","https://skdb.fandom.com/wiki/Shim_Young-gu","Capture","1990"
"01/23/1967","Ryuichi Tsukamoto","https://skdb.fandom.com/wiki/Ryuichi_Tsukamoto","Capture","1967"
"01/23/2006","Raúl Osiel Marroquín","https://skdb.fandom.com/wiki/Ra%C3%BAl_Osiel_Marroqu%C3%ADn","Capture","2006"
"01/24/1986","Anthony McKnight","https://skdb.fandom.com/wiki/Anthony_McKnight","Capture","1986"
"01/24/1994","Yoshinori Ueda","https://skdb.fandom.com/wiki/Yoshinori_Ueda","Capture","1994"
"01/25/2006","Juana Barraza","https://skdb.fandom.com/wiki/Juana_Barraza","Capture","2006"
"01/26/1947","Lauren Porter","https://skdb.fandom.com/wiki/Lauren_Porter","Capture","1947"
"01/26/1980","Donald Harding","https://skdb.fandom.com/wiki/Donald_Harding","Capture","1980"
"01/26/1990","Vernon Lee Clark","https://skdb.fandom.com/wiki/Vernon_Lee_Clark","Capture","1990"
"01/26/1993","Andrew David Edwards","https://skdb.fandom.com/wiki/Andrew_David_Edwards","Capture","1993"
"01/26/2001","Orhan Aksoy","https://skdb.fandom.com/wiki/Orhan_Aksoy","Capture","2001"
"01/27/1947","Philipp Tyurin","https://skdb.fandom.com/wiki/Philipp_Tyurin","Capture","1947"
"01/27/1978","Richard Chase","https://skdb.fandom.com/wiki/Richard_Chase","Capture","1978"
"01/27/2009","Kang Ho-sun","https://skdb.fandom.com/wiki/Kang_Ho-sun","Capture","2009"
"01/28/1944","Clarence Hill","https://skdb.fandom.com/wiki/Clarence_Hill","Capture","1944"
"01/28/1994","Robert Alston","https://skdb.fandom.com/wiki/Robert_Alston","Capture","1994"
"01/28/2000","Andre Crawford","https://skdb.fandom.com/wiki/Andre_Crawford","Capture","2000"
"01/29/1939","Johann Eichhorn","https://skdb.fandom.com/wiki/Johann_Eichhorn","Capture","1939"
"01/29/1999","Denis Waxin","https://skdb.fandom.com/wiki/Denis_Waxin","Capture","1999"
"01/30/2001","Alexey Ryzhkov","https://skdb.fandom.com/wiki/Alexey_Ryzhkov","Capture","2001"
"","Isaac L. Wood","https://skdb.fandom.com/wiki/Isaac_L._Wood","Capture","1857"
"","Eugene Byars","https://skdb.fandom.com/wiki/Eugene_Byars","Capture","1894"
"","Ali Asghar Borujerdi","https://skdb.fandom.com/wiki/Ali_Asghar_Borujerdi","Capture","1934"
"","Second Kodaira","https://skdb.fandom.com/wiki/Second_Kodaira","Capture","1947"
"","Michaiah Shobek","https://skdb.fandom.com/wiki/Michaiah_Shobek","Capture","1974"
"","Fritz Honka","https://skdb.fandom.com/wiki/Fritz_Honka","Capture","1975"
"","Joseph Christopher","https://skdb.fandom.com/wiki/Joseph_Christopher","Capture","1981"
"","Danny Bible","https://skdb.fandom.com/wiki/Danny_Bible","Capture","1984"
"","Harold Glenn Smith","https://skdb.fandom.com/wiki/Harold_Glenn_Smith","Capture","1986"
"","Bert Leroy Hunter","https://skdb.fandom.com/wiki/Bert_Leroy_Hunter","Capture","1989"
"","Andrei Sibiryakov","https://skdb.fandom.com/wiki/Andrei_Sibiryakov","Capture","1989"
"","Roy Melanson","https://skdb.fandom.com/wiki/Roy_Melanson","Capture","1992"
"","Eric Beishline","https://skdb.fandom.com/wiki/Eric_Beishline","Capture","1993"
"","Harnoko Dewantoro","https://skdb.fandom.com/wiki/Harnoko_Dewantoro","Capture","1995"
"","Elfriede Blauensteiner","https://skdb.fandom.com/wiki/Elfriede_Blauensteiner","Capture","1996"
"","Gerald Parker","https://skdb.fandom.com/wiki/Gerald_Parker","Capture","1996"
"","David Mmbengwa","https://skdb.fandom.com/wiki/David_Mmbengwa","Capture","1998"
"","Ronald James Ward","https://skdb.fandom.com/wiki/Ronald_James_Ward","Capture","2001"
"","Gribaldi Handayani","https://skdb.fandom.com/wiki/Gribaldi_Handayani","Capture","2005"
"","Antti Taskinen","https://skdb.fandom.com/wiki/Antti_Taskinen","Capture","2006"
"","Davey Mato Butorac","https://skdb.fandom.com/wiki/Davey_Mato_Butorac","Capture","2008"
"","Sergiu Băhăian","https://skdb.fandom.com/wiki/Sergiu_B%C4%83h%C4%83ian","Capture","2010"
"","Valentin Şlepac","https://skdb.fandom.com/wiki/Valentin_%C5%9Elepac","Capture","2010"
"","Adrian Grigoraş","https://skdb.fandom.com/wiki/Adrian_Grigora%C5%9F","Capture","2010"
"","Kanae Kijima","https://skdb.fandom.com/wiki/Kanae_Kijima","Capture","2010"
"","Alexander Bychkov","https://skdb.fandom.com/wiki/Alexander_Bychkov","Capture","2012"
"","Michal Semanský","https://skdb.fandom.com/wiki/Michal_Semansk%C3%BD","Capture","2012"
"","Bryan Patrick Miller","https://skdb.fandom.com/wiki/Bryan_Patrick_Miller","Capture","2015"
"","Rotherie Durell Foster","https://skdb.fandom.com/wiki/Rotherie_Durell_Foster","Capture","2023"
"","Natan de Melo Furtado","https://skdb.fandom.com/wiki/Natan_de_Melo_Furtado","Capture","2023"
"","Sushant Singh","https://skdb.fandom.com/wiki/Sushant_Singh","Capture","2023"
"","Shiva Pariyar","https://skdb.fandom.com/wiki/Shiva_Pariyar","Capture","2023"
"01/03/1972","John Wayne Gacy","https://skdb.fandom.com/wiki/John_Wayne_Gacy","Victim Murdered","1972"
"01/03/1982","Raul Meza","https://skdb.fandom.com/wiki/Raul_Meza","Victim Murdered","1982"
"01/04/2023","Sushant Singh","https://skdb.fandom.com/wiki/SINGH_Sushant","Victim Murdered","2023"
"01/04/2023","Shiva Pariyar","https://skdb.fandom.com/wiki/PARIYAR_Shiva","Victim Murdered","2023"
"01/04/1999","Sean Vincent Gillis","https://skdb.fandom.com/wiki/GILLIS_Sean_Vincent","Victim Murdered","1999"
"01/11/1979","Kenneth Bianchi","https://skdb.fandom.com/wiki/Kenneth_Bianchi","Victim Murdered","1979"
"01/18/1990","William Suff","https://skdb.fandom.com/wiki/William_Suff","Victim Murdered","1990"
"01/21/1990","Keith Jesperson","https://skdb.fandom.com/wiki/Keith_Jesperson","Victim Murdered","1990"
"01/21/2013","LISK","https://skdb.fandom.com/wiki/LISK","Victim Murdered","2013"
"01/25/2022","Bryant Rivera","https://skdb.fandom.com/wiki/Bryant_Rivera","Victim Murdered","2022"
"01/28/1968","Jerry Brudos","https://skdb.fandom.com/wiki/Jerry_Brudos","Victim Murdered","1968"
"01/27/1983","Randy Kraft","https://skdb.fandom.com/wiki/Randy_Kraft","Victim Murdered","1983"
"01/29/1974","Zebra murderers","https://skdb.fandom.com/wiki/Zebra_murders","Victim Murdered","1974"
"01/30/1977","David Berkowitz","https://skdb.fandom.com/wiki/David_Berkowitz","Victim Murdered","1977"
"01/30/1994","John Bittrolff","https://skdb.fandom.com/wiki/John_Bittrolff","Victim Murdered","1994"
"01/02/1997","Major Morris","https://skdb.fandom.com/wiki/Major_Morris","Other Event","1997"
"01/25/2022","Bryant Rivera","https://skdb.fandom.com/wiki/Bryant_Rivera","Other Event","2022"
"01/31/2008","Gary Hilton","https://skdb.fandom.com/wiki/Gary_Hilton","Other Event","2008"
"01/31/1992","Aileen Wuornos","https://skdb.fandom.com/wiki/Aileen_Wuornos","Other Event","1992"
