"Event Date","Serial Killer Name","Profile URL","Event Type","Event Year"
"03/01/1947","Toader Covali","https://skdb.fandom.com/wiki/Toader_Covali","Birth","1947"
"03/01/1948","Tommy Alexandersson","https://skdb.fandom.com/wiki/Tommy_Alexandersson","Birth","1948"
"03/01/1948","Akiyoshi Umekawa","https://skdb.fandom.com/wiki/Akiyoshi_Umekawa","Birth","1948"
"03/01/1949","Donald Harding","https://skdb.fandom.com/wiki/Donald_Harding","Birth","1949"
"03/01/1950","Daniel Hittle","https://skdb.fandom.com/wiki/Daniel_Hittle","Birth","1950"
"03/01/1970","Alexander Spesivtsev","https://skdb.fandom.com/wiki/Alexander_Spesivtsev","Birth","1970"
"03/01/1988","Viktor Sayenko","https://skdb.fandom.com/wiki/Viktor_Sayenko","Birth","1988"
"03/02/1935","Winston Moseley","https://skdb.fandom.com/wiki/Winston_Moseley","Birth","1935"
"03/02/1955","Joe Metheny","https://skdb.fandom.com/wiki/Joe_Metheny","Birth","1955"
"03/02/1988","Dmitry Kopylov","https://skdb.fandom.com/wiki/Dmitry_Kopylov","Birth","1988"
"03/03/1959","Arthur Bomar","https://skdb.fandom.com/wiki/Arthur_Bomar","Birth","1959"
"03/03/1959","Robert Silveria","https://skdb.fandom.com/wiki/Robert_Silveria","Birth","1959"
"03/03/1962","Juan Covington","https://skdb.fandom.com/wiki/Juan_Covington","Birth","1962"
"03/03/1972","Errol Lindsey","https://skdb.fandom.com/wiki/Errol_Lindsey","Birth","1972"
"03/04/1968","Dmitry Gridin","https://skdb.fandom.com/wiki/Dmitry_Gridin","Birth","1968"
"03/04/1972","Peter Mangs","https://skdb.fandom.com/wiki/Peter_Mangs","Birth","1972"
"03/05/1935","José William Aranguren","https://skdb.fandom.com/wiki/Jos%C3%A9_William_Aranguren","Birth","1935"
"03/05/1947","Ottis Toole","https://skdb.fandom.com/wiki/Ottis_Toole","Birth","1947"
"03/05/1948","Calvin Jackson","https://skdb.fandom.com/wiki/Calvin_Jackson","Birth","1948"
"03/06/1785","Gesche Gottfried","https://skdb.fandom.com/wiki/Gesche_Gottfried","Birth","1785"
"03/06/1846","Thomas D. Carr","https://skdb.fandom.com/wiki/Thomas_D._Carr","Birth","1846"
"03/06/1870","Adolf Seefeldt","https://skdb.fandom.com/wiki/Adolf_Seefeldt","Birth","1870"
"03/06/1958","Andrew David Edwards","https://skdb.fandom.com/wiki/Andrew_David_Edwards","Birth","1958"
"03/06/1959","Faryion Wardrip","https://skdb.fandom.com/wiki/Faryion_Wardrip","Birth","1959"
"03/06/1970","Pablo Goncálvez","https://skdb.fandom.com/wiki/Pablo_Gonc%C3%A1lvez","Birth","1970"
"03/06/1970","Sergey Osipenko","https://skdb.fandom.com/wiki/Sergey_Osipenko","Birth","1970"
"03/06/1970","Jeffrey Willis","https://skdb.fandom.com/wiki/Jeffrey_Willis","Birth","1970"
"03/07/1935","Fredric Manalli","https://skdb.fandom.com/wiki/Fredric_Manalli","Birth","1935"
"03/07/1947","Bert Leroy Hunter","https://skdb.fandom.com/wiki/Bert_Leroy_Hunter","Birth","1947"
"03/07/1962","James Phillip Barnes","https://skdb.fandom.com/wiki/James_Phillip_Barnes","Birth","1962"
"03/07/1962","Eugene Burney","https://skdb.fandom.com/wiki/Eugene_Burney","Birth","1962"
"03/07/1962","Cathy Wood","https://skdb.fandom.com/wiki/Cathy_Wood","Birth","1962"
"03/07/1963","Michael Darnell Harris","https://skdb.fandom.com/wiki/Michael_Darnell_Harris","Birth","1963"
"03/07/1963","David Russell Williams","https://skdb.fandom.com/wiki/David_Russell_Williams","Birth","1963"
"03/07/1964","Mikhail Popkov","https://skdb.fandom.com/wiki/Mikhail_Popkov","Birth","1964"
"03/07/1966","Sandra Gabbert","https://skdb.fandom.com/wiki/Sandra_Gabbert","Birth","1966"
"03/07/1971","Todd Kohlhepp","https://skdb.fandom.com/wiki/Todd_Kohlhepp","Birth","1971"
"03/08/1863","Mary Cowan","https://skdb.fandom.com/wiki/Mary_Cowan","Birth","1863"
"03/08/1968","Xavier Chase","https://skdb.fandom.com/wiki/Xavier_Chase","Birth","1968"
"03/08/1971","Yevgeny Litovchenko","https://skdb.fandom.com/wiki/Yevgeny_Litovchenko","Birth","1971"
"03/08/1986","Alexey Kruglov","https://skdb.fandom.com/wiki/Alexey_Kruglov","Birth","1986"
"03/09/1911","Ioan Sârca","https://skdb.fandom.com/wiki/Ioan_S%C3%A2rca","Birth","1911"
"03/09/1945","Dennis Rader","https://skdb.fandom.com/wiki/Dennis_Rader","Birth","1945"
"03/09/1949","Anthony Cook","https://skdb.fandom.com/wiki/Anthony_Cook","Birth","1949"
"03/09/1960","Jacques Rançon","https://skdb.fandom.com/wiki/Jacques_Ran%C3%A7on","Birth","1960"
"03/09/1963","John William Kelley","https://skdb.fandom.com/wiki/John_William_Kelley","Birth","1963"
"03/10/1916","Larry Motherwell","https://skdb.fandom.com/wiki/Larry_Motherwell","Birth","1916"
"03/10/1927","Takeshige Hamada","https://skdb.fandom.com/wiki/Takeshige_Hamada","Birth","1927"
"03/10/1948","Doug Clark","https://skdb.fandom.com/wiki/Doug_Clark","Birth","1948"
"03/10/1970","Vincenzo Aiutino","https://skdb.fandom.com/wiki/Vincenzo_Aiutino","Birth","1970"
"03/11/1944","Andre Rand","https://skdb.fandom.com/wiki/Andre_Rand","Birth","1944"
"03/11/1952","Giancarlo Giudice","https://skdb.fandom.com/wiki/Giancarlo_Giudice","Birth","1952"
"03/11/1957","Rickey McGinn","https://skdb.fandom.com/wiki/Rickey_McGinn","Birth","1957"
"03/11/1967","Louis Gaskin","https://skdb.fandom.com/wiki/Louis_Gaskin","Birth","1967"
"03/12/1888","Alfred Leonard Cline","https://skdb.fandom.com/wiki/Alfred_Leonard_Cline","Birth","1888"
"03/12/1937","Betty Lou Beets","https://skdb.fandom.com/wiki/Betty_Lou_Beets","Birth","1937"
"03/12/1956","Nathaniel Code","https://skdb.fandom.com/wiki/Nathaniel_Code","Birth","1956"
"03/12/1958","Mikhail Ustinovich","https://skdb.fandom.com/wiki/Mikhail_Ustinovich","Birth","1958"
"03/12/1962","Mikhail Makarov","https://skdb.fandom.com/wiki/Mikhail_Makarov","Birth","1962"
"03/12/1963","Christine Falling","https://skdb.fandom.com/wiki/Christine_Falling","Birth","1963"
"03/12/1970","Jerome Jones","https://skdb.fandom.com/wiki/Jerome_Jones","Birth","1970"
"03/12/1970","Vyacheslav Solovyov","https://skdb.fandom.com/wiki/Vyacheslav_Solovyov","Birth","1970"
"03/12/1982","Robert Hayes","https://skdb.fandom.com/wiki/Robert_Hayes","Birth","1982"
"03/13/1927","Peter Manuel","https://skdb.fandom.com/wiki/Peter_Manuel","Birth","1927"
"03/13/1933","Donald Gaskins","https://skdb.fandom.com/wiki/Donald_Gaskins","Birth","1933"
"03/13/1943","Robert Stansbury","https://skdb.fandom.com/wiki/Robert_Stansbury","Birth","1943"
"03/13/1945","Christopher Wilder","https://skdb.fandom.com/wiki/Christopher_Wilder","Birth","1945"
"03/13/1950","Heloísa Gonçalves Duque Soares Ribeiro","https://skdb.fandom.com/wiki/Helo%C3%ADsa_Gon%C3%A7alves_Duque_Soares_Ribeiro","Birth","1950"
"03/13/1958","Robert Brashers","https://skdb.fandom.com/wiki/Robert_Brashers","Birth","1958"
"03/13/1960","Ramon Rogers","https://skdb.fandom.com/wiki/Ramon_Rogers","Birth","1960"
"03/13/1967","Juri Sulimov","https://skdb.fandom.com/wiki/Juri_Sulimov","Birth","1967"
"03/13/1980","Josh Wade","https://skdb.fandom.com/wiki/Josh_Wade","Birth","1980"
"03/14/1936","Richard Gaikowski","https://skdb.fandom.com/wiki/Richard_Gaikowski","Birth","1936"
"03/14/1946","Theresa Knorr","https://skdb.fandom.com/wiki/Theresa_Knorr","Birth","1946"
"03/14/1949","Dennis Bowman","https://skdb.fandom.com/wiki/Dennis_Bowman","Birth","1949"
"03/14/1951","Alvin Andrew Kelly","https://skdb.fandom.com/wiki/Alvin_Andrew_Kelly","Birth","1951"
"03/14/1962","Bryan Maurice Jones","https://skdb.fandom.com/wiki/Bryan_Maurice_Jones","Birth","1962"
"03/14/1963","Yuri Sparikhin","https://skdb.fandom.com/wiki/Yuri_Sparikhin","Birth","1963"
"03/14/1965","Yevgeny Chuplinsky","https://skdb.fandom.com/wiki/Yevgeny_Chuplinsky","Birth","1965"
"03/14/1970","Oleg Chizhov","https://skdb.fandom.com/wiki/Oleg_Chizhov","Birth","1970"
"03/14/1990","Diego Ruiz Restrepo","https://skdb.fandom.com/wiki/Diego_Ruiz_Restrepo","Birth","1990"
"03/15/1944","Morris Solomon Jr.","https://skdb.fandom.com/wiki/Morris_Solomon_Jr.","Birth","1944"
"03/15/1947","Marc Fasquel","https://skdb.fandom.com/wiki/Marc_Fasquel","Birth","1947"
"03/15/1952","William Wickline","https://skdb.fandom.com/wiki/William_Wickline","Birth","1952"
"03/15/1970","Robert Rembert","https://skdb.fandom.com/wiki/Robert_Rembert","Birth","1970"
"03/15/1974","Norman Flowers","https://skdb.fandom.com/wiki/Norman_Flowers","Birth","1974"
"03/16/1954","Colin Ireland","https://skdb.fandom.com/wiki/Colin_Ireland","Birth","1954"
"03/16/1978","Stephen Akinmurele","https://skdb.fandom.com/wiki/Stephen_Akinmurele","Birth","1978"
"03/17/1921","Clara Strandberg","https://skdb.fandom.com/wiki/Clara_Strandberg","Birth","1921"
"03/17/1942","John Wayne Gacy","https://skdb.fandom.com/wiki/John_Wayne_Gacy","Birth","1942"
"03/17/1947","Darlene Ferrin","https://skdb.fandom.com/wiki/Darlene_Ferrin","Birth","1947"
"03/17/1962","Timothy Wilson Spencer","https://skdb.fandom.com/wiki/Timothy_Wilson_Spencer","Birth","1962"
"03/17/1976","Angelo Howard","https://skdb.fandom.com/wiki/Angelo_Howard","Birth","1976"
"03/18/1856","Samuel D. Richards","https://skdb.fandom.com/wiki/Samuel_D._Richards","Birth","1856"
"03/18/1919","Franklin Click","https://skdb.fandom.com/wiki/Franklin_Click","Birth","1919"
"03/18/1922","Bernard Pesquet","https://skdb.fandom.com/wiki/Bernard_Pesquet","Birth","1922"
"03/18/1935","William Darrell Lindsey","https://skdb.fandom.com/wiki/William_Darrell_Lindsey","Birth","1935"
"03/19/1787","Delphine LaLaurie","https://skdb.fandom.com/wiki/Delphine_LaLaurie","Birth","1787"
"03/19/1945","Randy Kraft","https://skdb.fandom.com/wiki/Randy_Kraft","Birth","1945"
"03/19/1969","Charles Stevens","https://skdb.fandom.com/wiki/Charles_Stevens","Birth","1969"
"03/20/1940","Mike DeBardeleben","https://skdb.fandom.com/wiki/Mike_DeBardeleben","Birth","1940"
"03/20/1943","Jack Bokin","https://skdb.fandom.com/wiki/Jack_Bokin","Birth","1943"
"03/20/1945","Fred Howard Coffey","https://skdb.fandom.com/wiki/Fred_Howard_Coffey","Birth","1945"
"03/20/1962","Andre Crawford","https://skdb.fandom.com/wiki/Andre_Crawford","Birth","1962"
"03/21/1945","Willie Steelman","https://skdb.fandom.com/wiki/Willie_Steelman","Birth","1945"
"03/21/1946","Kenneth McDuff","https://skdb.fandom.com/wiki/Kenneth_McDuff","Birth","1946"
"03/21/1948","Jerry Walter McFadden","https://skdb.fandom.com/wiki/Jerry_Walter_McFadden","Birth","1948"
"03/21/1950","Nathaniel Harvey","https://skdb.fandom.com/wiki/Nathaniel_Harvey","Birth","1950"
"03/21/1951","Winford Stokes","https://skdb.fandom.com/wiki/Winford_Stokes","Birth","1951"
"03/21/1954","Mitchell Bacom","https://skdb.fandom.com/wiki/Mitchell_Bacom","Birth","1954"
"03/21/1963","Darryl Walters","https://skdb.fandom.com/wiki/Darryl_Walters","Birth","1963"
"03/21/1965","Martina Authorlee","https://skdb.fandom.com/wiki/Martina_Authorlee","Birth","1965"
"03/21/1971","Darren Vann","https://skdb.fandom.com/wiki/Darren_Vann","Birth","1971"
"03/22/1942","Jerry Fletcher","https://skdb.fandom.com/wiki/Jerry_Fletcher","Birth","1942"
"03/22/1945","Larry Ranes","https://skdb.fandom.com/wiki/Larry_Ranes","Birth","1945"
"03/22/1959","Lucious Boyd","https://skdb.fandom.com/wiki/Lucious_Boyd","Birth","1959"
"03/22/1962","William Sapp","https://skdb.fandom.com/wiki/William_Sapp","Birth","1962"
"03/23/1924","Joseph Taborsky","https://skdb.fandom.com/wiki/Joseph_Taborsky","Birth","1924"
"03/23/1938","Robert Diaz","https://skdb.fandom.com/wiki/Robert_Diaz","Birth","1938"
"03/23/1943","Aleksey Sukletin","https://skdb.fandom.com/wiki/Aleksey_Sukletin","Birth","1943"
"03/23/1960","Colin Pitchfork","https://skdb.fandom.com/wiki/Colin_Pitchfork","Birth","1960"
"03/23/1971","Brian Steven Smith","https://skdb.fandom.com/wiki/Brian_Steven_Smith","Birth","1971"
"03/24/1872","Monroe Betterton","https://skdb.fandom.com/wiki/Monroe_Betterton","Birth","1872"
"03/24/1957","Johannes-Andreas Hanni","https://skdb.fandom.com/wiki/Johannes-Andreas_Hanni","Birth","1957"
"03/24/1966","Thomas Lundgren","https://skdb.fandom.com/wiki/Thomas_Lundgren","Birth","1966"
"03/24/1993","Nikita Lytkin","https://skdb.fandom.com/wiki/Nikita_Lytkin","Birth","1993"
"03/25/1851","Mária Gerzsány","https://skdb.fandom.com/wiki/M%C3%A1ria_Gerzs%C3%A1ny","Birth","1851"
"03/25/1940","Douglas Wright","https://skdb.fandom.com/wiki/Douglas_Wright","Birth","1940"
"03/25/1957","John Ewell","https://skdb.fandom.com/wiki/John_Ewell","Birth","1957"
"03/25/1957","Milena Quaglini","https://skdb.fandom.com/wiki/Milena_Quaglini","Birth","1957"
"03/25/1959","Wolfgang Abel","https://skdb.fandom.com/wiki/Wolfgang_Abel","Birth","1959"
"03/25/1982","Cleophus Cooksey Jr.","https://skdb.fandom.com/wiki/Cleophus_Cooksey_Jr.","Birth","1982"
"03/26/1938","Nadir Sedrati","https://skdb.fandom.com/wiki/Nadir_Sedrati","Birth","1938"
"03/26/1946","Gerard Schaefer","https://skdb.fandom.com/wiki/Gerard_Schaefer","Birth","1946"
"03/26/1954","Linwood Earl Briley","https://skdb.fandom.com/wiki/Linwood_Earl_Briley","Birth","1954"
"03/26/1966","Ervin Cherry","https://skdb.fandom.com/wiki/Ervin_Cherry","Birth","1966"
"03/26/1974","Raymond Eugene Johnson","https://skdb.fandom.com/wiki/Raymond_Eugene_Johnson","Birth","1974"
"03/26/1976","Mariusz Sowiński","https://skdb.fandom.com/wiki/Mariusz_Sowi%C5%84ski","Birth","1976"
"03/27/1964","Vladimir Guryanov","https://skdb.fandom.com/wiki/Vladimir_Guryanov","Birth","1964"
"03/27/1977","Richard Dorrough","https://skdb.fandom.com/wiki/Richard_Dorrough","Birth","1977"
"03/28/1954","Robert Shulman","https://skdb.fandom.com/wiki/Robert_Shulman","Birth","1954"
"03/28/1957","Terry Hyatt","https://skdb.fandom.com/wiki/Terry_Hyatt","Birth","1957"
"03/28/1965","Hugo Bustamante Pérez","https://skdb.fandom.com/wiki/Hugo_Bustamante_P%C3%A9rez","Birth","1965"
"03/28/1971","Alexander Pavlenko","https://skdb.fandom.com/wiki/Alexander_Pavlenko","Birth","1971"
"03/29/1948","Karl Myers","https://skdb.fandom.com/wiki/Karl_Myers","Birth","1948"
"03/29/1949","Lutz Reinstrom","https://skdb.fandom.com/wiki/Lutz_Reinstrom","Birth","1949"
"03/29/1964","Andrea Childers","https://skdb.fandom.com/wiki/Andrea_Childers","Birth","1964"
"03/29/1973","Edward George McGregor","https://skdb.fandom.com/wiki/Edward_George_McGregor","Birth","1973"
"03/30/1952","Michel Asanovic","https://skdb.fandom.com/wiki/Michel_Asanovic","Birth","1952"
"03/30/1958","Larry White","https://skdb.fandom.com/wiki/Larry_White","Birth","1958"
"03/30/1961","Ivan Hill","https://skdb.fandom.com/wiki/Ivan_Hill","Birth","1961"
"03/31/1854","Jane Toppan","https://skdb.fandom.com/wiki/Jane_Toppan","Birth","1854"
"03/31/1947","Eddie Mosley","https://skdb.fandom.com/wiki/Eddie_Mosley","Birth","1947"
"03/31/1964","Oleg Bykov","https://skdb.fandom.com/wiki/Oleg_Bykov","Birth","1964"
"03/31/1971","Alexander Murylev","https://skdb.fandom.com/wiki/Alexander_Murylev","Birth","1971"
"","Clifton Bloomfield","https://skdb.fandom.com/wiki/Clifton_Bloomfield","Birth","1969"
"03/01/1993","Joseph Christopher","https://skdb.fandom.com/wiki/Joseph_Christopher","Death","1993"
"03/01/1996","Ferdinand Gamper","https://skdb.fandom.com/wiki/Ferdinand_Gamper","Death","1996"
"03/02/1987","Richard Macek","https://skdb.fandom.com/wiki/Richard_Macek","Death","1987"
"03/03/1999","Glennon Engleman","https://skdb.fandom.com/wiki/Glennon_Engleman","Death","1999"
"03/04/2019","Juan Corona","https://skdb.fandom.com/wiki/Juan_Corona","Death","2019"
"03/05/2006","Richard Kuklinski","https://skdb.fandom.com/wiki/Richard_Kuklinski","Death","2006"
"03/05/2012","William Heirens","https://skdb.fandom.com/wiki/William_Heirens","Death","2012"
"03/05/2020","Vladimir Tenetov","https://skdb.fandom.com/wiki/Vladimir_Tenetov","Death","2020"
"03/05/2023","Pedro Rodrigues Filho","https://skdb.fandom.com/wiki/Pedro_Rodrigues_Filho","Death","2023"
"03/06/1894","Major Lisenba","https://skdb.fandom.com/wiki/Major_Lisenba","Death","1894"
"03/06/1900","Ada Williams","https://skdb.fandom.com/wiki/Ada_Williams","Death","1900"
"03/06/1994","Larry Eyler","https://skdb.fandom.com/wiki/Larry_Eyler","Death","1994"
"03/06/2002","Alexander Lobanov","https://skdb.fandom.com/wiki/Alexander_Lobanov","Death","2002"
"03/06/2023","Harvey Carignan","https://skdb.fandom.com/wiki/Harvey_Carignan","Death","2023"
"03/08/1951","Martha Beck","https://skdb.fandom.com/wiki/Martha_Beck","Death","1951"
"03/08/1951","Raymond Fernandez","https://skdb.fandom.com/wiki/Raymond_Fernandez","Death","1951"
"03/09/1948","Alva Nordberg","https://skdb.fandom.com/wiki/Alva_Nordberg","Death","1948"
"03/10/2008","Richard Biegenwald","https://skdb.fandom.com/wiki/Richard_Biegenwald","Death","2008"
"03/10/2008","Bill Bradford","https://skdb.fandom.com/wiki/Bill_Bradford","Death","2008"
"03/11/2000","John W. Hopkins","https://skdb.fandom.com/wiki/John_W._Hopkins","Death","2000"
"03/12/1913","Enriqueta Martí","https://skdb.fandom.com/wiki/Enriqueta_Mart%C3%AD","Death","1913"
"03/12/2001","Henry Lee Lucas","https://skdb.fandom.com/wiki/Henry_Lee_Lucas","Death","2001"
"03/12/2002","Tracy Housel","https://skdb.fandom.com/wiki/Tracy_Housel","Death","2002"
"03/12/2015","J. C. X. Simon","https://skdb.fandom.com/wiki/J._C._X._Simon","Death","2015"
"03/12/2020","Jocelyne Bourdin","https://skdb.fandom.com/wiki/Jocelyne_Bourdin","Death","2020"
"03/13/1884","Mustapha Ould Mohamed ben Bahi","https://skdb.fandom.com/wiki/Mustapha_Ould_Mohamed_ben_Bahi","Death","1884"
"03/14/1879","Henery Gravelin","https://skdb.fandom.com/wiki/Henery_Gravelin","Death","1879"
"03/14/1910","Angles Snell","https://skdb.fandom.com/wiki/Angles_Snell","Death","1910"
"03/14/1992","Steven Pennell","https://skdb.fandom.com/wiki/Steven_Pennell","Death","1992"
"03/14/2002","Guy Muldavin","https://skdb.fandom.com/wiki/Guy_Muldavin","Death","2002"
"03/15/1534","Kateřina of Komárov","https://skdb.fandom.com/wiki/Kate%C5%99ina_of_Kom%C3%A1rov","Death","1534"
"03/15/1849","Andreas Hall","https://skdb.fandom.com/wiki/Andreas_Hall","Death","1849"
"03/15/1878","Augustus Johnson","https://skdb.fandom.com/wiki/Augustus_Johnson","Death","1878"
"03/15/1957","Jimmy Allen","https://skdb.fandom.com/wiki/Jimmy_Allen","Death","1957"
"03/15/1983","Thomas Bunday","https://skdb.fandom.com/wiki/Thomas_Bunday","Death","1983"
"03/15/2000","Timothy Gribble","https://skdb.fandom.com/wiki/Timothy_Gribble","Death","2000"
"03/15/2018","Carlton Gary","https://skdb.fandom.com/wiki/Carlton_Gary","Death","2018"
"03/16/2005","Mohammed Bijeh","https://skdb.fandom.com/wiki/Mohammed_Bijeh","Death","2005"
"03/16/2016","Gregory Bowman","https://skdb.fandom.com/wiki/Gregory_Bowman","Death","2016"
"03/17/1835","Giorgio Orsolano","https://skdb.fandom.com/wiki/Giorgio_Orsolano","Death","1835"
"03/17/1964","José William Aranguren","https://skdb.fandom.com/wiki/Jos%C3%A9_William_Aranguren","Death","1964"
"03/17/1993","Jeffrey Feltner","https://skdb.fandom.com/wiki/Jeffrey_Feltner","Death","1993"
"03/17/1999","Andrew Kokoraleis","https://skdb.fandom.com/wiki/Andrew_Kokoraleis","Death","1999"
"03/17/2012","Jean-Marc Petroff","https://skdb.fandom.com/wiki/Jean-Marc_Petroff","Death","2012"
"03/18/1932","Harry F. Powers","https://skdb.fandom.com/wiki/Harry_F._Powers","Death","1932"
"03/18/1938","Lester Brockelhurst","https://skdb.fandom.com/wiki/Lester_Brockelhurst","Death","1938"
"03/18/2004","Steven Washington","https://skdb.fandom.com/wiki/Steven_Washington","Death","2004"
"03/19/2010","Henderson Williams","https://skdb.fandom.com/wiki/Henderson_Williams","Death","2010"
"03/20/1809","Mary Bateman","https://skdb.fandom.com/wiki/Mary_Bateman","Death","1809"
"03/20/1963","Milton Taylor Vest","https://skdb.fandom.com/wiki/Milton_Taylor_Vest","Death","1963"
"03/20/2005","Astini Sumiasih","https://skdb.fandom.com/wiki/Astini_Sumiasih","Death","2005"
"03/21/1951","Houston Roberts","https://skdb.fandom.com/wiki/Houston_Roberts","Death","1951"
"03/21/1963","Frederick Charles Wood","https://skdb.fandom.com/wiki/Frederick_Charles_Wood","Death","1963"
"03/22/1913","George Humphrey","https://skdb.fandom.com/wiki/George_Humphrey","Death","1913"
"03/22/1966","Saïb Hachani","https://skdb.fandom.com/wiki/Sa%C3%AFb_Hachani","Death","1966"
"03/23/1988","John Charles Bolsinger","https://skdb.fandom.com/wiki/John_Charles_Bolsinger","Death","1988"
"03/23/1998","Gerald Stano","https://skdb.fandom.com/wiki/Gerald_Stano","Death","1998"
"03/24/1870","Thomas D. Carr","https://skdb.fandom.com/wiki/Thomas_D._Carr","Death","1870"
"03/24/1873","Mary Ann Cotton","https://skdb.fandom.com/wiki/Mary_Ann_Cotton","Death","1873"
"03/25/1851","Sarah Chesham","https://skdb.fandom.com/wiki/Sarah_Chesham","Death","1851"
"03/25/1989","Anthony Sears","https://skdb.fandom.com/wiki/Anthony_Sears","Death","1989"
"03/25/2007","Siswanto","https://skdb.fandom.com/wiki/Siswanto","Death","2007"
"03/26/2013","Nikolai Zorin","https://skdb.fandom.com/wiki/Nikolai_Zorin","Death","2013"
"03/25/2022","Patrick Schaff","https://skdb.fandom.com/wiki/Patrick_Schaff","Death","2022"
"03/26/1907","Emile Dubois","https://skdb.fandom.com/wiki/Emile_Dubois","Death","1907"
"03/26/1996","Joseph Kallinger","https://skdb.fandom.com/wiki/Joseph_Kallinger","Death","1996"
"03/26/2024","Willie Hodges","https://skdb.fandom.com/wiki/Willie_Hodges","Death","2024"
"03/27/1878","George Brassell","https://skdb.fandom.com/wiki/George_Brassell","Death","1878"
"03/27/1878","Joseph Brassell","https://skdb.fandom.com/wiki/Joseph_Brassell","Death","1878"
"03/27/2006","Wayne Boden","https://skdb.fandom.com/wiki/Wayne_Boden","Death","2006"
"03/27/2017","Gen Sekine","https://skdb.fandom.com/wiki/Gen_Sekine","Death","2017"
"03/28/2006","Jerry Brudos","https://skdb.fandom.com/wiki/Jerry_Brudos","Death","2006"
"03/28/2016","Winston Moseley","https://skdb.fandom.com/wiki/Winston_Moseley","Death","2016"
"03/28/2020","Lonnie Franklin","https://skdb.fandom.com/wiki/Lonnie_Franklin","Death","2020"
"03/29/2005","Terry Samuel Arnold","https://skdb.fandom.com/wiki/Terry_Samuel_Arnold","Death","2005"
"03/30/1899","Edward Bates Soper","https://skdb.fandom.com/wiki/Edward_Bates_Soper","Death","1899"
"03/30/1958","Eunice Brillhart","https://skdb.fandom.com/wiki/Eunice_Brillhart","Death","1958"
"03/30/1981","Thor Nis Christiansen","https://skdb.fandom.com/wiki/Thor_Nis_Christiansen","Death","1981"
"03/30/1998","Judy Buenoano","https://skdb.fandom.com/wiki/Judy_Buenoano","Death","1998"
"03/30/2002","John Brennan Crutchley","https://skdb.fandom.com/wiki/John_Brennan_Crutchley","Death","2002"
"03/30/2004","William Wickline","https://skdb.fandom.com/wiki/William_Wickline","Death","2004"
"03/30/2010","Franklin Alix","https://skdb.fandom.com/wiki/Franklin_Alix","Death","2010"
"03/30/2017","Donald Harvey","https://skdb.fandom.com/wiki/Donald_Harvey","Death","2017"
"03/31/1994","William Henry Hance","https://skdb.fandom.com/wiki/William_Henry_Hance","Death","1994"
"03/31/1995","Vladimir Gordovenko","https://skdb.fandom.com/wiki/Vladimir_Gordovenko","Death","1995"
"03/31/1996","William Guatney","https://skdb.fandom.com/wiki/William_Guatney","Death","1996"
"","Fritz Edel","https://skdb.fandom.com/wiki/Fritz_Edel","Death","1962"
"","Vasily Yuzepchuk","https://skdb.fandom.com/wiki/Vasily_Yuzepchuk","Death","2010"
"03/01/1968","Ernst-Dieter Beck","https://skdb.fandom.com/wiki/Ernst-Dieter_Beck","Capture","1968"
"03/01/1994","Ricardo Caputo","https://skdb.fandom.com/wiki/Ricardo_Caputo","Capture","1994"
"03/01/1998","Tony Amati","https://skdb.fandom.com/wiki/Tony_Amati","Capture","1998"
"03/01/2024","Adebayo Azeez","https://skdb.fandom.com/wiki/Adebayo_Azeez","Capture","2024"
"03/02/1985","Alex Mengel","https://skdb.fandom.com/wiki/Alex_Mengel","Capture","1985"
"03/02/1995","Andrei Yurkin","https://skdb.fandom.com/wiki/Andrei_Yurkin","Capture","1995"
"03/02/1996","Robert Silveria","https://skdb.fandom.com/wiki/Robert_Silveria","Capture","1996"
"03/02/2009","Alexey Vygovsky","https://skdb.fandom.com/wiki/Alexey_Vygovsky","Capture","2009"
"03/03/1936","Marcus Powell","https://skdb.fandom.com/wiki/Marcus_Powell","Capture","1936"
"03/03/1991","Cleophus Prince Jr.","https://skdb.fandom.com/wiki/Cleophus_Prince_Jr.","Capture","1991"
"03/04/1984","Wolfgang Abel","https://skdb.fandom.com/wiki/Wolfgang_Abel","Capture","1984"
"03/04/1984","Marco Furlan","https://skdb.fandom.com/wiki/Marco_Furlan","Capture","1984"
"03/04/1998","Russell Ellwood","https://skdb.fandom.com/wiki/Russell_Ellwood","Capture","1998"
"03/05/1999","Wiesław Wiszniewski","https://skdb.fandom.com/wiki/Wies%C5%82aw_Wiszniewski","Capture","1999"
"03/05/2016","Alexey Mikhalenya","https://skdb.fandom.com/wiki/Alexey_Mikhalenya","Capture","2016"
"03/06/1828","Gesche Gottfried","https://skdb.fandom.com/wiki/Gesche_Gottfried","Capture","1828"
"03/06/2002","Zoltán Szabó","https://skdb.fandom.com/wiki/Zolt%C3%A1n_Szab%C3%B3","Capture","2002"
"03/06/2007","Diego Fernando Ramírez","https://skdb.fandom.com/wiki/Diego_Fernando_Ram%C3%ADrez","Capture","2007"
"03/07/1922","Szczepan Paśnik","https://skdb.fandom.com/wiki/Szczepan_Pa%C5%9Bnik","Capture","1922"
"03/07/1922","Józefa Paśnik","https://skdb.fandom.com/wiki/J%C3%B3zefa_Pa%C5%9Bnik","Capture","1922"
"03/07/1981","Randall Woodfield","https://skdb.fandom.com/wiki/Randall_Woodfield","Capture","1981"
"03/07/1997","Yuri Artamonov","https://skdb.fandom.com/wiki/Yuri_Artamonov","Capture","1997"
"03/07/2001","Maurizio Minghella","https://skdb.fandom.com/wiki/Maurizio_Minghella","Capture","2001"
"03/08/1971","William Pierce","https://skdb.fandom.com/wiki/William_Pierce","Capture","1971"
"03/08/1982","Jorge José Sagredo","https://skdb.fandom.com/wiki/Jorge_Jos%C3%A9_Sagredo","Capture","1982"
"03/08/1982","Carlos Alberto Topp Collins","https://skdb.fandom.com/wiki/Carlos_Alberto_Topp_Collins","Capture","1982"
"03/08/1987","Hensley Neville","https://skdb.fandom.com/wiki/Hensley_Neville","Capture","1987"
"03/08/2001","Daniel O. Jones","https://skdb.fandom.com/wiki/Daniel_O._Jones","Capture","2001"
"03/08/2005","Themba Sukude","https://skdb.fandom.com/wiki/Themba_Sukude","Capture","2005"
"03/08/2009","Anthony Kirkland","https://skdb.fandom.com/wiki/Anthony_Kirkland","Capture","2009"
"03/09/1980","Pedro López","https://skdb.fandom.com/wiki/Pedro_L%C3%B3pez","Capture","1980"
"03/09/1984","Milton Johnson","https://skdb.fandom.com/wiki/Milton_Johnson","Capture","1984"
"03/09/2006","Scott Williams","https://skdb.fandom.com/wiki/Scott_Williams","Capture","2006"
"03/09/2019","James Schmidt","https://skdb.fandom.com/wiki/BACH_Cornelius","Capture","2019"
"03/10/1972","Orlando Sabino","https://skdb.fandom.com/wiki/Orlando_Sabino","Capture","1972"
"03/10/1981","David Villarreal","https://skdb.fandom.com/wiki/David_Villarreal","Capture","1981"
"03/10/2005","Yasunori Suzuki","https://skdb.fandom.com/wiki/Yasunori_Suzuki","Capture","2005"
"03/11/1976","Vladimir Sarenpya","https://skdb.fandom.com/wiki/Vladimir_Sarenpya","Capture","1976"
"03/11/1994","Steven Grieveson","https://skdb.fandom.com/wiki/Steven_Grieveson","Capture","1994"
"03/11/2000","Gennady Shurmanov","https://skdb.fandom.com/wiki/Gennady_Shurmanov","Capture","2000"
"03/11/2000","Igor Churasov","https://skdb.fandom.com/wiki/Igor_Churasov","Capture","2000"
"03/11/2022","William Devonshire","https://skdb.fandom.com/wiki/William_Devonshire","Capture","2022"
"03/12/1994","Henry Louis Wallace","https://skdb.fandom.com/wiki/Henry_Louis_Wallace","Capture","1994"
"03/12/2002","Viktor Malyuk","https://skdb.fandom.com/wiki/Viktor_Malyuk","Capture","2002"
"03/13/1835","Giorgio Orsolano","https://skdb.fandom.com/wiki/Giorgio_Orsolano","Capture","1835"
"03/13/1986","Terri Rachals","https://skdb.fandom.com/wiki/Terri_Rachals","Capture","1986"
"03/13/1998","Efren Saldivar","https://skdb.fandom.com/wiki/Efren_Saldivar","Capture","1998"
"03/13/2003","Lenko Latkov","https://skdb.fandom.com/wiki/Lenko_Latkov","Capture","2003"
"03/13/2009","Aleksei Rjabkov","https://skdb.fandom.com/wiki/Aleksei_Rjabkov","Capture","2009"
"03/13/2012","Israel Keyes","https://skdb.fandom.com/wiki/Israel_Keyes","Capture","2012"
"03/13/2014","Charles Severance","https://skdb.fandom.com/wiki/Charles_Severance","Capture","2014"
"03/14/1986","Michaela Röder","https://skdb.fandom.com/wiki/Michaela_R%C3%B6der","Capture","1986"
"03/14/2024","Regina dos Santos","https://skdb.fandom.com/wiki/Regina_dos_Santos","Capture","2024"
"03/15/1945","James Hall","https://skdb.fandom.com/wiki/James_Hall","Capture","1945"
"03/16/1938","Lillie Mae Curtis","https://skdb.fandom.com/wiki/Lillie_Mae_Curtis","Capture","1938"
"03/16/1941","Gamal Lineveldt","https://skdb.fandom.com/wiki/Gamal_Lineveldt","Capture","1941"
"03/16/1994","Dana Sue Gray","https://skdb.fandom.com/wiki/Dana_Sue_Gray","Capture","1994"
"03/16/1996","Karl Myers","https://skdb.fandom.com/wiki/Karl_Myers","Capture","1996"
"03/16/2008","Jeong Seong-hyeon","https://skdb.fandom.com/wiki/Jeong_Seong-hyeon","Capture","2008"
"03/17/1991","John Fautenberry","https://skdb.fandom.com/wiki/John_Fautenberry","Capture","1991"
"03/17/1998","Anatoli Neželski","https://skdb.fandom.com/wiki/Anatoli_Ne%C5%BEelski","Capture","1998"
"03/17/1999","David Allen Gerard","https://skdb.fandom.com/wiki/David_Allen_Gerard","Capture","1999"
"03/17/1999","Loren Herzog","https://skdb.fandom.com/wiki/Loren_Herzog","Capture","1999"
"03/17/1999","Wesley Shermantine","https://skdb.fandom.com/wiki/Wesley_Shermantine","Capture","1999"
"03/18/1943","Bruno Lüdke","https://skdb.fandom.com/wiki/Bruno_L%C3%BCdke","Capture","1943"
"03/19/1990","John Wayne Glover","https://skdb.fandom.com/wiki/John_Wayne_Glover","Capture","1990"
"03/19/2008","Alexander Gerashchenko","https://skdb.fandom.com/wiki/Alexander_Gerashchenko","Capture","2008"
"03/20/2018","Billy Chemirmir","https://skdb.fandom.com/wiki/Billy_Chemirmir","Capture","2018"
"03/21/1955","Harvey Collins","https://skdb.fandom.com/wiki/Harvey_Collins","Capture","1955"
"03/21/2000","Robert Wayne Harris","https://skdb.fandom.com/wiki/Robert_Wayne_Harris","Capture","2000"
"03/21/2001","Nikolai Kozlenya","https://skdb.fandom.com/wiki/Nikolai_Kozlenya","Capture","2001"
"03/22/1979","Rudy Bladel","https://skdb.fandom.com/wiki/Rudy_Bladel","Capture","1979"
"03/22/1991","Charles Albright","https://skdb.fandom.com/wiki/Charles_Albright","Capture","1991"
"03/22/1999","David Parker Ray","https://skdb.fandom.com/wiki/David_Parker_Ray","Capture","1999"
"03/22/2006","Dmitry Karimov","https://skdb.fandom.com/wiki/Dmitry_Karimov","Capture","2006"
"03/22/2024","Makson Oliveira da Costa","https://skdb.fandom.com/wiki/Makson_Oliveira_da_Costa","Capture","2024"
"03/23/1915","George Joseph Smith","https://skdb.fandom.com/wiki/George_Joseph_Smith","Capture","1915"
"03/23/2000","John Sweeney","https://skdb.fandom.com/wiki/John_Sweeney","Capture","2000"
"03/23/2002","Robert Howard","https://skdb.fandom.com/wiki/Robert_Howard","Capture","2002"
"03/23/2002","Liu Mingwu","https://skdb.fandom.com/wiki/Liu_Mingwu","Capture","2002"
"03/24/1981","Kelvin Malone","https://skdb.fandom.com/wiki/Kelvin_Malone","Capture","1981"
"03/24/1987","Gary Heidnik","https://skdb.fandom.com/wiki/Gary_Heidnik","Capture","1987"
"03/25/1985","Ronald Allridge","https://skdb.fandom.com/wiki/Ronald_Allridge","Capture","1985"
"03/25/1987","Louis Chaves","https://skdb.fandom.com/wiki/Louis_Chaves","Capture","1987"
"03/25/2005","John Eichinger","https://skdb.fandom.com/wiki/John_Eichinger","Capture","2005"
"03/26/1987","Paul Rhoades","https://skdb.fandom.com/wiki/Paul_Rhoades","Capture","1987"
"03/26/1992","Oleg Kuznetsov","https://skdb.fandom.com/wiki/Oleg_Kuznetsov","Capture","1992"
"03/26/1998","Guy Georges","https://skdb.fandom.com/wiki/Guy_Georges","Capture","1998"
"03/26/1999","Lucious Boyd","https://skdb.fandom.com/wiki/Lucious_Boyd","Capture","1999"
"03/27/1991","Eric Napoletano","https://skdb.fandom.com/wiki/Eric_Napoletano","Capture","1991"
"03/28/1980","Robert Joseph Zani","https://skdb.fandom.com/wiki/Robert_Joseph_Zani","Capture","1980"
"03/28/1995","Robert Charles Browne","https://skdb.fandom.com/wiki/Robert_Charles_Browne","Capture","1995"
"03/29/1999","Sergey Tsukanov","https://skdb.fandom.com/wiki/Sergey_Tsukanov","Capture","1999"
"03/29/2003","Jia Jianhu","https://skdb.fandom.com/wiki/Jia_Jianhu","Capture","2003"
"03/29/2003","Larme Price","https://skdb.fandom.com/wiki/Larme_Price","Capture","2003"
"03/29/2005","José Vicente Matias","https://skdb.fandom.com/wiki/Jos%C3%A9_Vicente_Matias","Capture","2005"
"03/30/1861","Ane Cathrine Andersdatter","https://skdb.fandom.com/wiki/Ane_Cathrine_Andersdatter","Capture","1861"
"03/30/1931","Shinkichi Sakurada","https://skdb.fandom.com/wiki/Shinkichi_Sakurada","Capture","1931"
"03/30/1974","Abu Tubar","https://skdb.fandom.com/wiki/Abu_Tubar","Capture","1974"
"03/30/1977","Rajendra Jakkal","https://skdb.fandom.com/wiki/Rajendra_Jakkal","Capture","1997"
"03/30/1977","Dilip Sutar","https://skdb.fandom.com/wiki/Dilip_Sutar","Capture","1997"
"03/30/1977","Shantaram Kanhoji Jagtap","https://skdb.fandom.com/wiki/Shantaram_Kanhoji_Jagtap","Capture","1997"
"03/30/1977","Munawar Harun Shah","https://skdb.fandom.com/wiki/Munawar_Harun_Shah","Capture","1997"
"03/30/1985","Martin Priest","https://skdb.fandom.com/wiki/Martin_Priest","Capture","1985"
"03/30/1993","Keith Jesperson","https://skdb.fandom.com/wiki/Keith_Jesperson","Capture","1993"
"03/30/2011","Ramón Laso","https://skdb.fandom.com/wiki/Ram%C3%B3n_Laso","Capture","2011"
"03/31/1953","John Christie","https://skdb.fandom.com/wiki/John_Christie","Capture","1953"
"03/31/1990","Alvin Andrew Kelly","https://skdb.fandom.com/wiki/Alvin_Andrew_Kelly","Capture","1990"
"03/31/1994","Paula Denyer","https://skdb.fandom.com/wiki/Paula_Denyer","Capture","1994"
"03/31/2011","Shawn Lester","https://skdb.fandom.com/wiki/Shawn_Lester","Capture","2011"
"03/31/2024","Manjacaze serial killer","https://skdb.fandom.com/wiki/Manjacaze_serial_killer","Capture","2024"
"","John Dickman","https://skdb.fandom.com/wiki/John_Dickman","Capture","1910"
"","Patrick Mackay","https://skdb.fandom.com/wiki/Patrick_Mackay","Capture","1975"
"","Robert Askins","https://skdb.fandom.com/wiki/Robert_Askins","Capture","1977"
"","Stanley Bernson","https://skdb.fandom.com/wiki/Stanley_Bernson","Capture","1980"
"","Debra Tuggle","https://skdb.fandom.com/wiki/Debra_Tuggle","Capture","1984"
"","Sergey Ovchinnikov","https://skdb.fandom.com/wiki/Sergey_Ovchinnikov","Capture","1992"
"","James B. Grinder","https://skdb.fandom.com/wiki/James_B._Grinder","Capture","1998"
"","Paul Brumfitt","https://skdb.fandom.com/wiki/Paul_Brumfitt","Capture","1999"
"","Ronald Hinton","https://skdb.fandom.com/wiki/Ronald_Hinton","Capture","1999"
"","Shigeru Yagi","https://skdb.fandom.com/wiki/Shigeru_Yagi","Capture","2000"
"","Krzysztof Gawlik","https://skdb.fandom.com/wiki/Krzysztof_Gawlik","Capture","2001"
"","Zoltán Ember","https://skdb.fandom.com/wiki/Zolt%C3%A1n_Ember","Capture","2004"
"","Dr. Louay Omar Mohammed al-Taei","https://skdb.fandom.com/wiki/Louay_Omar_Mohammed_al-Taei","Capture","2006"
"","Vyacheslav Solovyov","https://skdb.fandom.com/wiki/Vyacheslav_Solovyov","Capture","2007"
"","Shirley Winters","https://skdb.fandom.com/wiki/Shirley_Winters","Capture","2007"
"","Yuri Starostin","https://skdb.fandom.com/wiki/Yuri_Starostin","Capture","2008"
"","Mykhailo Kurilik","https://skdb.fandom.com/wiki/Mykhailo_Kurilik","Capture","2009"
"","Aino Nykopp-Koski","https://skdb.fandom.com/wiki/Aino_Nykopp-Koski","Capture","2009"
"","Tommi Nakari","https://skdb.fandom.com/wiki/Tommi_Nakari","Capture","2010"
"","Muziwokuthula Madondo","https://skdb.fandom.com/wiki/Muziwokuthula_Madondo","Capture","2011"
"","Silvia Meraz","https://skdb.fandom.com/wiki/Silvia_Meraz","Capture","2012"
"","Donna Perry","https://skdb.fandom.com/wiki/Donna_Perry","Capture","2012"
"","Rodney Halbower","https://skdb.fandom.com/wiki/Rodney_Halbower","Capture","2014"
"","Dmitry Chernov","https://skdb.fandom.com/wiki/Dmitry_Chernov","Capture","2018"
"","Warren Alexander","https://skdb.fandom.com/wiki/Warren_Alexander","Capture","2022"
"03/12/1995","Marjorie Padilla Sequeira","","Victim Murdered","1995"
"03/15/1994","John Hardy Roberts","","Victim Murdered","1994"
"03/21/1994","Ann Bryan","","Victim Murdered","1994"
"","Elizabeth Hannah Britland","","Victim Murdered","1886"
"","Suzette Trouten","","Victim Murdered","2000"
"03/01/1975","Brenda Ball","https://skdb.fandom.com/wiki/Brenda_Ball","Other Event","1975"
"03/03/1975","Kathy Parks","https://skdb.fandom.com/wiki/Kathy_Parks","Other Event","1975"
"03/03/1975","Susan Rancourt","https://skdb.fandom.com/wiki/Susan_Rancourt","Other Event","1975"
"03/09/1979","Body 28","","Other Event","1979"
"03/15/2005","Peter Bryan","https://skdb.fandom.com/wiki/Peter_Bryan","Other Event","2005"
"03/21/1978","Jeffrey Rignall","https://skdb.fandom.com/wiki/Jeffrey_Rignall","Other Event","1978"
"03/22/1984","Cheryl Wims","https://skdb.fandom.com/wiki/Cheryl_Wims","Other Event","1984"
"03/23/2020","Martha Johnson","https://skdb.fandom.com/wiki/Martha_Johnson","Other Event","2020"
"","Leola Bryant","https://skdb.fandom.com/wiki/Leola_Bryant","Other Event","1974"
