"Event Date","Serial Killer Name","Serial Killer Profile URL","Event Type","Year of Event"
"05/01/1965","Sergey Lozovoi","https://skdb.fandom.com/wiki/Sergey_Lozovoi","Birth","1965"
"05/02/1809","Isaac Heller","https://skdb.fandom.com/wiki/Isaac_Heller","Birth","1809"
"05/02/1938","William Paul Thompson","https://skdb.fandom.com/wiki/William_Paul_Thompson","Birth","1938"
"05/02/1949","Brian Alpress Hunt","https://skdb.fandom.com/wiki/Brian_Alpress_Hunt","Birth","1949"
"05/02/1955","Lindsey Robert Rose","https://skdb.fandom.com/wiki/Lindsey_Robert_Rose","Birth","1955"
"05/02/1965","Eric Napoletano","https://skdb.fandom.com/wiki/Eric_Napoletano","Birth","1965"
"05/02/1968","Zhang Youtian","https://skdb.fandom.com/wiki/Zhang_Youtian","Birth","1968"
"05/02/1978","Rio Alex Bulo","https://skdb.fandom.com/wiki/Rio_Alex_Bulo","Birth","1978"
"05/03/1962","Rubén Millatureo Vargas","https://skdb.fandom.com/wiki/Rub%C3%A9n_Millatureo_Vargas","Birth","1962"
"05/03/1967","Ronald Lee Moore","https://skdb.fandom.com/wiki/Ronald_Lee_Moore","Birth","1967"
"05/03/1974","Eric Matthews","https://skdb.fandom.com/wiki/Eric_Matthews","Birth","1974"
"05/04/1949","Marvin Irvin","https://skdb.fandom.com/wiki/Marvin_Irvin","Birth","1949"
"05/04/1962","Honoré Zanchi","https://skdb.fandom.com/wiki/Honor%C3%A9_Zanchi","Birth","1962"
"05/04/1970","Karla Homolka","https://skdb.fandom.com/wiki/Karla_Homolka","Birth","1970"
"05/05/1760","Sophie Ursinus","https://skdb.fandom.com/wiki/Sophie_Ursinus","Birth","1760"
"05/05/1892","George Frank Sack","https://skdb.fandom.com/wiki/George_Frank_Sack","Birth","1892"
"05/05/1912","William Dale Archerd","https://skdb.fandom.com/wiki/William_Dale_Archerd","Birth","1912"
"05/05/1950","Zaven Almazyan","https://skdb.fandom.com/wiki/Zaven_Almazyan","Birth","1950"
"05/05/1962","Elvira Yegorycheva","https://skdb.fandom.com/wiki/Elvira_Yegorycheva","Birth","1962"
"05/05/2002","Lucho Plátano","https://skdb.fandom.com/wiki/Lucho_Pl%C3%A1tano","Birth","2002"
"05/06/1920","Martha Beck","https://skdb.fandom.com/wiki/Martha_Beck","Birth","1920"
"05/06/1927","Ansis Kaupēns","https://skdb.fandom.com/wiki/Ansis_Kaup%C4%93ns","Death","1927"
"05/06/1928","Werner Boost","https://skdb.fandom.com/wiki/Werner_Boost","Birth","1928"
"05/06/1930","David Carpenter","https://skdb.fandom.com/wiki/David_Carpenter","Birth","1930"
"05/06/1969","Kim Hae-sun","https://skdb.fandom.com/wiki/Kim_Hae-sun","Birth","1969"
"05/06/1984","Sibusiso Duma","https://skdb.fandom.com/wiki/Sibusiso_Duma","Birth","1984"
"05/07/1954","Tony Garcia","https://skdb.fandom.com/wiki/Tony_Garcia","Birth","1954"
"05/07/1958","Tracy Housel","https://skdb.fandom.com/wiki/Tracy_Housel","Birth","1958"
"05/07/1973","Dale Scheanette","https://skdb.fandom.com/wiki/Dale_Scheanette","Birth","1973"
"05/08/1807","Johann Oberreiter","https://skdb.fandom.com/wiki/Johann_Oberreiter","Birth","1807"
"05/08/1950","Christine Freund","https://skdb.fandom.com/wiki/Christine_Freund","Birth","1950"
"05/08/1955","Danny Barber","https://skdb.fandom.com/wiki/Danny_Barber","Birth","1955"
"05/08/1966","Jaroslav Stodola","https://skdb.fandom.com/wiki/Jaroslav_Stodola","Birth","1966"
"05/09/1938","Carroll Cole","https://skdb.fandom.com/wiki/Carroll_Cole","Birth","1938"
"05/09/1949","Arthur Ream","https://skdb.fandom.com/wiki/Arthur_Ream","Birth","1949"
"05/09/1956","Wayne Henley","https://skdb.fandom.com/wiki/Wayne_Henley","Birth","1956"
"05/09/1967","Tammie Liles","https://skdb.fandom.com/wiki/Tammie_Liles","Birth","1967"
"05/09/1967","Christopher Lovrien","https://skdb.fandom.com/wiki/Christopher_Lovrien","Birth","1967"
"05/10/1976","Charles Duffy","https://skdb.fandom.com/wiki/Charles_Duffy","Birth","1976"
"05/10/1978","Cory Morris","https://skdb.fandom.com/wiki/Cory_Morris","Birth","1978"
"05/10/1983","Ludivine Chambet","https://skdb.fandom.com/wiki/Ludivine_Chambet","Birth","1983"
"05/11/1954","Daniel Conahan","https://skdb.fandom.com/wiki/Daniel_Conahan","Birth","1954"
"05/11/1961","Kimberly McCarthy","https://skdb.fandom.com/wiki/Kimberly_McCarthy","Birth","1961"
"05/11/1961","Donald Piper","https://skdb.fandom.com/wiki/Donald_Piper","Birth","1961"
"05/11/1977","Sergey Chyorny","https://skdb.fandom.com/wiki/Sergey_Chyorny","Birth","1977"
"05/12/1897","Earle Nelson","https://skdb.fandom.com/wiki/Earle_Nelson","Birth","1897"
"05/12/1944","John Edward Swindler","https://skdb.fandom.com/wiki/John_Edward_Swindler","Birth","1944"
"05/12/1961","Isabel Cristina Torreão Pires da Silveira","https://skdb.fandom.com/wiki/Isabel_Cristina_Torre%C3%A3o_Pires_da_Silveira","Birth","1961"
"05/12/1971","Clinton Bankston","https://skdb.fandom.com/wiki/Clinton_Bankston","Birth","1971"
"05/12/1980","Alexander Hernandez","https://skdb.fandom.com/wiki/Alexander_Hernandez","Birth","1980"
"05/13/1943","Donald Beardslee","https://skdb.fandom.com/wiki/Donald_Beardslee","Birth","1943"
"05/13/1946","Waneta Hoyt","https://skdb.fandom.com/wiki/Waneta_Hoyt","Birth","1946"
"05/13/1979","Sid Ahmed Rezala","https://skdb.fandom.com/wiki/Sid_Ahmed_Rezala","Birth","1979"
"05/14/1955","Timothy McCoy","https://skdb.fandom.com/wiki/Timothy_McCoy","Birth","1955"
"05/14/1957","Dorángel Vargas","https://skdb.fandom.com/wiki/Dor%C3%A1ngel_Vargas","Birth","1957"
"05/14/1959","David Morton","https://skdb.fandom.com/wiki/David_Morton","Birth","1959"
"05/14/1965","Andrew Six","https://skdb.fandom.com/wiki/Andrew_Six","Birth","1965"
"05/14/1977","Mykhailo Feskiv","https://skdb.fandom.com/wiki/Mykhailo_Feskiv","Birth","1977"
"05/15/1847","Samuel Herbert Dougal","https://skdb.fandom.com/wiki/Samuel_Herbert_Dougal","Birth","1847"
"05/15/1947","Robert Liberty","https://skdb.fandom.com/wiki/Robert_Liberty","Birth","1947"
"05/15/1950","Milton Johnson","https://skdb.fandom.com/wiki/Milton_Johnson","Birth","1950"
"05/16/1861","H. H. Holmes","https://skdb.fandom.com/wiki/H._H._Holmes","Birth","1861"
"05/16/1955","John Benjamin Kennedy Jr.","https://skdb.fandom.com/wiki/John_Benjamin_Kennedy_Jr.","Birth","1955"
"05/16/1963","David Bruce","https://skdb.fandom.com/wiki/David_Bruce","Birth","1963"
"05/16/1974","Themba Sukude","https://skdb.fandom.com/wiki/Themba_Sukude","Birth","1974"
"05/17/1807","Rebecca Smith","https://skdb.fandom.com/wiki/Rebecca_Smith","Birth","1807"
"05/17/1864","John Dickman","https://skdb.fandom.com/wiki/John_Dickman","Birth","1864"
"05/17/1952","William Zamastil","https://skdb.fandom.com/wiki/William_Zamastil","Birth","1952"
"05/17/1954","Beoria Simmons","https://skdb.fandom.com/wiki/Beoria_Simmons","Birth","1954"
"05/17/1957","Michael Cox","https://skdb.fandom.com/wiki/COX_Michael_Anthony","Birth","1957"
"05/17/1959","Sergey Shipilov","https://skdb.fandom.com/wiki/Sergey_Shipilov","Birth","1959"
"05/17/1968","Levi Bellfield","https://skdb.fandom.com/wiki/Levi_Bellfield","Birth","1968"
"05/17/1980","Marcelo Fabián Gómez","https://skdb.fandom.com/wiki/Marcelo_Fabi%C3%A1n_G%C3%B3mez","Birth","1980"
"05/17/1980","David Lefèvre","https://skdb.fandom.com/wiki/David_Lef%C3%A8vre","Birth","1980"
"05/18/1927","Harvey Carignan","https://skdb.fandom.com/wiki/Harvey_Carignan","Birth","1927"
"05/18/1935","Milka Pavlović","https://skdb.fandom.com/wiki/Milka_Pavlovi%C4%87","Death","1935"
"05/18/1938","Samuel Evans","https://skdb.fandom.com/wiki/Samuel_Evans","Birth","1938"
"05/18/1946","Bill Bradford","https://skdb.fandom.com/wiki/Bill_Bradford","Birth","1946"
"05/18/1960","Sue Curtis","https://skdb.fandom.com/wiki/Sue_Curtis","Birth","1960"
"05/18/1979","Yegor Khabarov","https://skdb.fandom.com/wiki/Yegor_Khabarov","Birth","1979"
"05/19/1870","Albert Fish","https://skdb.fandom.com/wiki/Albert_Fish","Birth","1870"
"05/19/1950","Roger Epperson","https://skdb.fandom.com/wiki/Roger_Epperson","Birth","1950"
"05/19/1969","Robert Alston","https://skdb.fandom.com/wiki/Robert_Alston","Birth","1969"
"05/19/1971","Wiesław Wiszniewski","https://skdb.fandom.com/wiki/Wies%C5%82aw_Wiszniewski","Birth","1971"
"05/19/1979","Wesley Brownlee","https://skdb.fandom.com/wiki/Wesley_Brownlee","Birth","1979"
"05/20/1930","Yiya Murano","https://skdb.fandom.com/wiki/Yiya_Murano","Birth","1930"
"05/20/1970","Mohammed Bijeh","https://skdb.fandom.com/wiki/Mohammed_Bijeh","Birth","1970"
"05/20/1996","Efraín Sarmiento Cuero","https://skdb.fandom.com/wiki/Efra%C3%ADn_Sarmiento_Cuero","Birth","1996"
"05/21/1938","Marceline Harvey","https://skdb.fandom.com/wiki/Marceline_Harvey","Birth","1938"
"05/21/1939","Roger Kibbe","https://skdb.fandom.com/wiki/Roger_Kibbe","Birth","1939"
"05/21/1951","Douglas Gretzler","https://skdb.fandom.com/wiki/Douglas_Gretzler","Birth","1951"
"05/21/1955","Robert Edwards","https://skdb.fandom.com/wiki/Robert_Edwards","Birth","1955"
"05/21/1955","Horace Vaultz","https://skdb.fandom.com/wiki/Horace_Vaultz","Birth","1955"
"05/21/1960","Jeffrey Dahmer","https://skdb.fandom.com/wiki/Jeffrey_Dahmer","Birth","1960"
"05/22/1942","Ted Kaczynski","https://skdb.fandom.com/wiki/Ted_Kaczynski","Birth","1942"
"05/22/1951","Kenneth Bianchi","https://skdb.fandom.com/wiki/Kenneth_Bianchi","Birth","1951"
"05/22/1955","Lam Kor-wan","https://skdb.fandom.com/wiki/Lam_Kor-wan","Birth","1955"
"05/22/1961","Carol Christensen","https://skdb.fandom.com/wiki/Carol_Christensen","Birth","1961"
"05/22/1967","Todd Alan Reed","https://skdb.fandom.com/wiki/Todd_Alan_Reed","Birth","1967"
"05/22/1972","Irina Gaidamachuk","https://skdb.fandom.com/wiki/Irina_Gaidamachuk","Birth","1972"
"05/22/1983","Juan David Ortiz","https://skdb.fandom.com/wiki/Juan_David_Ortiz","Birth","1983"
"05/22/1999","Carlos Yadiel Baez-Nieves","https://skdb.fandom.com/wiki/Carlos_Yadiel_Baez-Nieves","Birth","1999"
"05/23/1950","Richard Chase","https://skdb.fandom.com/wiki/Richard_Chase","Birth","1950"
"05/23/1951","Catherine Birnie","https://skdb.fandom.com/wiki/Catherine_Birnie","Birth","1951"
"05/23/1964","Cheryl Wims","https://skdb.fandom.com/wiki/Cheryl_Wims","Birth","1964"
"05/24/1876","Hilda Nilsson","https://skdb.fandom.com/wiki/Hilda_Nilsson","Birth","1876"
"05/24/1893","Fritz Erbe","https://skdb.fandom.com/wiki/Fritz_Erbe","Death","1893"
"05/24/1893","Dorothee Buntrock","https://skdb.fandom.com/wiki/Dorothee_Buntrock","Death","1893"
"05/24/1911","Monte Merz","https://skdb.fandom.com/wiki/Monte_Merz","Birth","1911"
"05/24/1948","Francisco García Escalero","https://skdb.fandom.com/wiki/Francisco_Garc%C3%ADa_Escalero","Birth","1948"
"05/24/1950","Lorenzo Gilyard","https://skdb.fandom.com/wiki/Lorenzo_Gilyard","Birth","1950"
"05/24/1963","Matthew Steven Johnson","https://skdb.fandom.com/wiki/Matthew_Steven_Johnson","Birth","1963"
"05/24/1969","Frank Gust","https://skdb.fandom.com/wiki/Frank_Gust","Birth","1969"
"05/25/1965","Ludvík Černý","https://skdb.fandom.com/wiki/Ludv%C3%ADk_%C4%8Cern%C3%BD","Birth","1965"
"05/26/1883","Peter Kürten","https://skdb.fandom.com/wiki/Peter_K%C3%BCrten","Birth","1883"
"05/26/1930","Charles E. Terry","https://skdb.fandom.com/wiki/Charles_E._Terry","Birth","1930"
"05/26/1939","Harold Bell","https://skdb.fandom.com/wiki/Harold_Bell","Birth","1939"
"05/26/1954","Danny Rolling","https://skdb.fandom.com/wiki/Danny_Rolling","Birth","1954"
"05/26/1962","Anthony Joyner","https://skdb.fandom.com/wiki/Anthony_Joyner","Birth","1962"
"05/26/1970","Andrei Yurkin","https://skdb.fandom.com/wiki/Andrei_Yurkin","Birth","1970"
"05/26/1971","Susan Ibrahim","https://skdb.fandom.com/wiki/Susan_Ibrahim","Birth","1971"
"05/27/1850","Thomas Neill Cream","https://skdb.fandom.com/wiki/Thomas_Neill_Cream","Birth","1850"
"05/27/1952","Robert Lee Yates","https://skdb.fandom.com/wiki/Robert_Lee_Yates","Birth","1952"
"05/27/1958","Wayne Williams","https://skdb.fandom.com/wiki/Wayne_Williams","Birth","1958"
"05/28/1914","Thomas Henry McMonigle","https://skdb.fandom.com/wiki/Thomas_Henry_McMonigle","Birth","1914"
"05/28/1946","Gary Don Franklin","https://skdb.fandom.com/wiki/Gary_Don_Franklin","Birth","1946"
"05/28/1948","Paul Eugene Rowles","https://skdb.fandom.com/wiki/Paul_Eugene_Rowles","Birth","1948"
"05/29/1946","Bevan von Einem","https://skdb.fandom.com/wiki/Bevan_von_Einem","Birth","1946"
"05/29/1964","Somkid Pumpuang","https://skdb.fandom.com/wiki/Somkid_Pumpuang","Birth","1964"
"05/29/1967","Lorenzo Montoya","https://skdb.fandom.com/wiki/Lorenzo_Montoya","Birth","1967"
"05/29/1978","Marcos Antunes Trigueiro","https://skdb.fandom.com/wiki/Marcos_Antunes_Trigueiro","Birth","1978"
"05/30/1938","Märt Ringmaa","https://skdb.fandom.com/wiki/M%C3%A4rt_Ringmaa","Birth","1938"
"05/30/1953","John Paul Phillips","https://skdb.fandom.com/wiki/John_Paul_Phillips","Birth","1953"
"05/30/1958","John Edward Brewer","https://skdb.fandom.com/wiki/John_Edward_Brewer","Birth","1958"
"05/30/1985","DeAngelo Martin","https://skdb.fandom.com/wiki/DeAngelo_Martin","Birth","1985"
"05/31/1951","Anthony Hardy","https://skdb.fandom.com/wiki/Anthony_Hardy","Birth","1951"
"05/31/1952","Martin Lee Sanders","https://skdb.fandom.com/wiki/Martin_Lee_Sanders","Birth","1952"
"05/31/1958","Ian McLoughlin","https://skdb.fandom.com/wiki/Ian_McLoughlin","Birth","1958"
"05/01/1942","Major Lisenba","https://skdb.fandom.com/wiki/Major_Lisenba","Death","1942"
"05/02/1997","Walter Hill","https://skdb.fandom.com/wiki/Walter_Hill","Death","1997"
"05/02/2000","Bas-Congo Throatcutter","https://skdb.fandom.com/wiki/Bas-Congo_Throatcutter","Death","2000"
"05/03/2012","Joseph Kondro","https://skdb.fandom.com/wiki/Joseph_Kondro","Death","2012"
"05/04/1826","Thomas Jeffries","https://skdb.fandom.com/wiki/Thomas_Jeffries","Death","1826"
"05/04/1910","Louis Philippe","https://skdb.fandom.com/wiki/Louis_Philippe","Birth","1910"
"05/04/2016","He Tiandai","https://skdb.fandom.com/wiki/He_Tiandai","Death","2016"
"05/05/2002","Dmitry Medvedev","https://skdb.fandom.com/wiki/Dmitry_Medvedev","Death","2002"
"05/05/2015","Clarence Victor","https://skdb.fandom.com/wiki/Clarence_Victor","Death","2015"
"05/05/2016","Marie Noe","https://skdb.fandom.com/wiki/Marie_Noe","Death","2016"
"05/06/1929","Dagmar Overbye","https://skdb.fandom.com/wiki/Dagmar_Overbye","Death","1929"
"05/06/1989","Adolfo Constanzo","https://skdb.fandom.com/wiki/Adolfo_Constanzo","Death","1989"
"05/06/2005","Earl Richmond","https://skdb.fandom.com/wiki/Earl_Richmond","Death","2005"
"05/06/2022","Abdelaâli Hadi","https://skdb.fandom.com/wiki/Abdela%C3%A2li_Hadi","Death","2022"
"05/07/1896","H. H. Holmes","https://skdb.fandom.com/wiki/H._H._Holmes","Death","1896"
"05/07/2013","Lois Jurgens","https://skdb.fandom.com/wiki/Lois_Jurgens","Death","2013"
"05/08/1922","J. Frank Hickey","https://skdb.fandom.com/wiki/J._Frank_Hickey","Death","1922"
"05/08/1985","Majid Salek Mahmoudi","https://skdb.fandom.com/wiki/Majid_Salek_Mahmoudi","Death","1985"
"05/09/1914","János Rumpf","https://skdb.fandom.com/wiki/J%C3%A1nos_Rumpf","Death","1914"
"05/09/1952","Stanley Buckowski","https://skdb.fandom.com/wiki/Stanley_Buckowski","Death","1952"
"05/10/1865","Heinrich Götti","https://skdb.fandom.com/wiki/Heinrich_G%C3%B6tti","Death","1865"
"05/10/1957","Minnie Wallace Walkup","https://skdb.fandom.com/wiki/Minnie_Wallace_Walkup","Death","1957"
"05/10/1994","John Wayne Gacy","https://skdb.fandom.com/wiki/John_Wayne_Gacy","Death","1994"
"05/10/2004","Ershad Sikder","https://skdb.fandom.com/wiki/Ershad_Sikder","Death","2004"
"05/10/2006","Simon Rochford","https://skdb.fandom.com/wiki/Simon_Rochford","Death","2006"
"05/10/2009","Bernard Pesquet","https://skdb.fandom.com/wiki/Bernard_Pesquet","Death","2009"
"05/10/2021","Michel Fourniret","https://skdb.fandom.com/wiki/Michel_Fourniret","Death","2021"
"05/11/1829","Patty Cannon","https://skdb.fandom.com/wiki/Patty_Cannon","Death","1829"
"05/11/1881","Juan Díaz de Garayo","https://skdb.fandom.com/wiki/Juan_D%C3%ADaz_de_Garayo","Death","1881"
"05/11/1947","Stanislas Walezewsky","https://skdb.fandom.com/wiki/Stanislas_Walezewsky","Death","1947"
"05/11/1990","Winford Stokes","https://skdb.fandom.com/wiki/Winford_Stokes","Death","1990"
"05/11/2024","Terry Blair","https://skdb.fandom.com/wiki/Terry_Blair","Death","2024"
"05/12/1974","Tony Costa","https://skdb.fandom.com/wiki/Tony_Costa","Death","1974"
"05/12/1997","Dimitris Vakrinos","https://skdb.fandom.com/wiki/Dimitris_Vakrinos","Death","1997"
"05/12/2011","Matej Čurko","https://skdb.fandom.com/wiki/Matej_%C4%8Curko","Death","2011"
"05/12/2015","William MacDonald","https://skdb.fandom.com/wiki/William_MacDonald","Death","2015"
"05/12/2018","Dennis Nilsen","https://skdb.fandom.com/wiki/Dennis_Nilsen","Death","2018"
"05/13/2005","Michael Ross","https://skdb.fandom.com/wiki/Michael_Ross","Death","2005"
"05/14/1897","Frederick Hollman","https://skdb.fandom.com/wiki/Frederick_Hollman","Death","1897"
"05/14/1984","Hsu Tung-chih","https://skdb.fandom.com/wiki/Hsu_Tung-chih","Death","1984"
"05/14/2010","Hu Dejun","https://skdb.fandom.com/wiki/Hu_Dejun","Other Event","2010"
"05/14/2010","Zhang Liming","https://skdb.fandom.com/wiki/Zhang_Liming","Other Event","2010"
"05/15/1931","William A. Renfroe","https://skdb.fandom.com/wiki/William_A._Renfroe","Death","1931"
"05/15/1966","Cletus Reese","https://skdb.fandom.com/wiki/Cletus_Reese","Death","1966"
"05/15/2014","Susumu Nakayama","https://skdb.fandom.com/wiki/Susumu_Nakayama","Death","2014"
"05/15/2017","Ian Brady","https://skdb.fandom.com/wiki/Ian_Brady","Death","2017"
"05/16/1878","Lydia Sherman","https://skdb.fandom.com/wiki/Lydia_Sherman","Death","1878"
"05/16/1979","Kampatimar Shankariya","https://skdb.fandom.com/wiki/Kampatimar_Shankariya","Death","1979"
"05/16/2005","Gayno Smith","https://skdb.fandom.com/wiki/Gayno_Smith","Death","2005"
"05/17/1960","Władysław Baczyński","https://skdb.fandom.com/wiki/W%C5%82adys%C5%82aw_Baczy%C5%84ski","Death","1960"
"05/17/1960","Joseph Taborsky","https://skdb.fandom.com/wiki/Joseph_Taborsky","Death","1960"
"05/17/1990","Louis Philippe","https://skdb.fandom.com/wiki/Louis_Philippe","Death","1990"
"05/17/1995","Girvies Davis","https://skdb.fandom.com/wiki/Girvies_Davis","Death","1995"
"05/18/1871","Edward H. Rulloff","https://skdb.fandom.com/wiki/Edward_H._Rulloff","Death","1871"
"05/18/2005","Vernon Brown","https://skdb.fandom.com/wiki/Vernon_Brown","Death","2005"
"05/18/2023","Lao Rongzhi","https://skdb.fandom.com/wiki/Lao_Rongzhi","Death","2023"
"05/18/2024","Agustín Ramón Martínez","https://skdb.fandom.com/wiki/Agust%C3%ADn_Ram%C3%B3n_Mart%C3%ADnez","Death","2024"
"05/19/2014","Sante Kimes","https://skdb.fandom.com/wiki/Sante_Kimes","Death","2014"
"05/20/2006","Bobby Jack Fowler","https://skdb.fandom.com/wiki/Bobby_Jack_Fowler","Death","2006"
"05/20/2014","Jerry Fletcher","https://skdb.fandom.com/wiki/Jerry_Fletcher","Death","2014"
"05/21/2014","Gregory Breeden","https://skdb.fandom.com/wiki/Gregory_Breeden","Death","2014"
"05/22/1995","Boris Bogdanov","https://skdb.fandom.com/wiki/Boris_Bogdanov","Death","1995"
"05/22/2020","Roy Melanson","https://skdb.fandom.com/wiki/Roy_Melanson","Death","2020"
"05/23/1892","Frederick Deeming","https://skdb.fandom.com/wiki/Frederick_Deeming","Death","1892"
"05/23/1936","Adolf Seefeldt","https://skdb.fandom.com/wiki/Adolf_Seefeldt","Death","1936"
"05/23/2019","Bobby Joe Long","https://skdb.fandom.com/wiki/Bobby_Joe_Long","Death","2019"
"05/23/2023","Shavkat Shayakhmedov","https://skdb.fandom.com/wiki/Shavkat_Shayakhmedov","Death","2023"
"05/24/1917","Herman Billik","https://skdb.fandom.com/wiki/Herman_Billik","Death","1917"
"05/24/1989","Stephen McCoy","https://skdb.fandom.com/wiki/Stephen_McCoy","Death","1989"
"05/24/1995","Roger St. John","https://skdb.fandom.com/wiki/Roger_St._John","Death","1995"
"05/25/1946","Marcel Petiot","https://skdb.fandom.com/wiki/Marcel_Petiot","Death","1946"
"05/25/1987","Paweł Tuchlin","https://skdb.fandom.com/wiki/Pawe%C5%82_Tuchlin","Death","1987"
"05/25/2005","Andrea Arrigoni","https://skdb.fandom.com/wiki/Andrea_Arrigoni","Death","2005"
"05/26/1876","Thomas W. Piper","https://skdb.fandom.com/wiki/Thomas_W._Piper","Death","1876"
"05/27/1994","Charles Rodman Campbell","https://skdb.fandom.com/wiki/Charles_Rodman_Campbell","Death","1994"
"05/27/2003","Ensio Koivunen","https://skdb.fandom.com/wiki/Ensio_Koivunen","Death","2003"
"05/27/2010","Thomas Whisenhant","https://skdb.fandom.com/wiki/Thomas_Whisenhant","Death","2010"
"05/28/1886","Antonio Nardello","https://skdb.fandom.com/wiki/Antonio_Nardello","Death","1886"
"05/28/1925","Stanisław Zboński","https://skdb.fandom.com/wiki/Stanis%C5%82aw_Zbo%C5%84ski","Death","1925"
"05/28/2002","David Parker Ray","https://skdb.fandom.com/wiki/David_Parker_Ray","Death","2002"
"05/28/2020","Eddie Mosley","https://skdb.fandom.com/wiki/Eddie_Mosley","Death","2020"
"05/28/2020","David Brooks","https://skdb.fandom.com/wiki/David_Brooks","Death","2020"
"05/29/1959","Vender Duncan","https://skdb.fandom.com/wiki/Vender_Duncan","Death","1959"
"05/29/2007","Posteal Laskey Jr.","https://skdb.fandom.com/wiki/Posteal_Laskey_Jr.","Death","2007"
"05/30/1947","Robert George Clements","https://skdb.fandom.com/wiki/Robert_George_Clements","Death","1947"
"05/30/1987","Miyuki Ishikawa","https://skdb.fandom.com/wiki/Miyuki_Ishikawa","Death","1987"
"05/31/1972","Lee Roy Martin","https://skdb.fandom.com/wiki/Lee_Roy_Martin","Death","1972"
"05/31/1985","Sokichi Furutani","https://skdb.fandom.com/wiki/Sokichi_Furutani","Death","1985"
"05/31/2000","John Baughman","https://skdb.fandom.com/wiki/John_Baughman","Death","2000"
"05/31/2020","William Pierce","https://skdb.fandom.com/wiki/William_Pierce","Death","2020"
"05/31/2024","Robert Pickton","https://skdb.fandom.com/wiki/Robert_Pickton","Death","2024"
"05/01/1993","Roger Herbert Haglund","https://skdb.fandom.com/wiki/Roger_Herbert_Haglund","Capture","1993"
"05/01/1995","Vladimir Mukhankin","https://skdb.fandom.com/wiki/Vladimir_Mukhankin","Capture","1995"
"05/02/1996","Gregory Clepper","https://skdb.fandom.com/wiki/Gregory_Clepper","Capture","1996"
"05/02/2006","Edward George McGregor","https://skdb.fandom.com/wiki/Edward_George_McGregor","Capture","2006"
"05/03/1974","Daniel Camargo Barbosa","https://skdb.fandom.com/wiki/Daniel_Camargo_Barbosa","Capture","1974"
"05/03/1984","Carlton Gary","https://skdb.fandom.com/wiki/Carlton_Gary","Capture","1984"
"05/04/1979","Andre Jones","https://skdb.fandom.com/wiki/Andre_Jones","Capture","1979"
"05/04/1990","David Morton","https://skdb.fandom.com/wiki/David_Morton","Capture","1990"
"05/04/1992","Kenneth McDuff","https://skdb.fandom.com/wiki/Kenneth_McDuff","Capture","1992"
"05/04/1994","Aladár Donászi","https://skdb.fandom.com/wiki/Alad%C3%A1r_Don%C3%A1szi","Capture","1994"
"05/04/1999","Edson Izidoro Guimarães","https://skdb.fandom.com/wiki/Edson_Izidoro_Guimar%C3%A3es","Capture","1999"
"05/04/2020","Dishon Muturi Nderi","https://skdb.fandom.com/wiki/Dishon_Muturi_Nderi","Capture","2020"
"05/04/2023","Carlos Dominguez","https://skdb.fandom.com/wiki/Carlos_Dominguez","Capture","2023"
"05/06/1958","Anjette Lyles","https://skdb.fandom.com/wiki/Anjette_Lyles","Capture","1958"
"05/06/1986","Faryion Wardrip","https://skdb.fandom.com/wiki/Faryion_Wardrip","Capture","1986"
"05/06/1989","Sara Aldrete","https://skdb.fandom.com/wiki/Sara_Aldrete","Capture","1989"
"05/06/1997","Elton Manning Jackson","https://skdb.fandom.com/wiki/Elton_Manning_Jackson","Capture","1997"
"05/06/1998","Donato Bilancia","https://skdb.fandom.com/wiki/Donato_Bilancia","Capture","1998"
"05/06/1998","Matija Sovdat","https://skdb.fandom.com/wiki/Matija_Sovdat","Capture","1998"
"05/06/2004","Yanis Baltass","https://skdb.fandom.com/wiki/Yanis_Baltass","Capture","2004"
"05/06/2018","Michael Penttilä","https://skdb.fandom.com/wiki/Michael_Penttil%C3%A4","Capture","2018"
"05/06/2020","Clark Perry Baldwin","https://skdb.fandom.com/wiki/Clark_Perry_Baldwin","Capture","2020"
"05/07/1986","Manuel Pardo","https://skdb.fandom.com/wiki/Manuel_Pardo","Capture","1986"
"05/07/2021","Hugo Osorio Chávez","https://skdb.fandom.com/wiki/Hugo_Osorio_Ch%C3%A1vez","Capture","2021"
"05/08/1908","Jeanne Weber","https://skdb.fandom.com/wiki/Jeanne_Weber","Capture","1908"
"05/08/2002","Yuri Ustimenko","https://skdb.fandom.com/wiki/Yuri_Ustimenko","Capture","2002"
"05/09/1939","Ramiro Artieda","https://skdb.fandom.com/wiki/Ramiro_Artieda","Capture","1939"
"05/09/2012","Zhang Yongming","https://skdb.fandom.com/wiki/Zhang_Yongming","Capture","2012"
"05/11/2011","Randy Gay","https://skdb.fandom.com/wiki/Randy_Gay","Capture","2011"
"05/11/2013","Dellen Millard","https://skdb.fandom.com/wiki/Dellen_Millard","Capture","2013"
"05/12/1983","James Koedatich","https://skdb.fandom.com/wiki/James_Koedatich","Capture","1983"
"05/13/1937","Lester Brockelhurst","https://skdb.fandom.com/wiki/Lester_Brockelhurst","Capture","1937"
"05/13/1978","Velma Barfield","https://skdb.fandom.com/wiki/Velma_Barfield","Capture","1978"
"05/14/1971","Kiyoshi Ōkubo","https://skdb.fandom.com/wiki/Kiyoshi_%C5%8Ckubo","Capture","1971"
"05/14/1981","David Carpenter","https://skdb.fandom.com/wiki/David_Carpenter","Capture","1981"
"05/14/1983","Randy Kraft","https://skdb.fandom.com/wiki/Randy_Kraft","Capture","1983"
"05/14/2007","Trent Benson","https://skdb.fandom.com/wiki/Trent_Benson","Capture","2007"
"05/14/2009","Yegor Khabarov","https://skdb.fandom.com/wiki/Yegor_Khabarov","Capture","2009"
"05/15/1974","Erno Soto","https://skdb.fandom.com/wiki/Erno_Soto","Capture","1974"
"05/15/2009","Mahin Qadiri","https://skdb.fandom.com/wiki/Mahin_Qadiri","Capture","2009"
"05/15/2020","Cleber de Souza Carvalho","https://skdb.fandom.com/wiki/Cleber_de_Souza_Carvalho","Capture","2020"
"05/15/2021","Andrés Mendoza","https://skdb.fandom.com/wiki/Andr%C3%A9s_Mendoza","Capture","2021"
"05/15/2023","José Quevedo","https://skdb.fandom.com/wiki/Jos%C3%A9_Quevedo","Capture","2023"
"05/16/1968","Boris Gusakov","https://skdb.fandom.com/wiki/Boris_Gusakov","Capture","1968"
"05/16/1983","Edmund Kolanowski","https://skdb.fandom.com/wiki/Edmund_Kolanowski","Capture","1983"
"05/16/1997","Valdek Laas","https://skdb.fandom.com/wiki/Valdek_Laas","Capture","1997"
"05/16/2021","Ali Akbar Khorramdin","https://skdb.fandom.com/wiki/Ali_Akbar_Khorramdin","Capture","2021"
"05/16/2021","Iran Mousavi Sani","https://skdb.fandom.com/wiki/Iran_Mousavi_Sani","Capture","2021"
"05/17/1987","Eddie Mosley","https://skdb.fandom.com/wiki/Eddie_Mosley","Capture","1987"
"05/17/1990","Henry Eugene Hodges","https://skdb.fandom.com/wiki/Henry_Eugene_Hodges","Capture","1990"
"05/17/2001","Samuel Dixon","https://skdb.fandom.com/wiki/Samuel_Dixon","Capture","2001"
"05/17/2002","Sergei Dovzhenko","https://skdb.fandom.com/wiki/Sergei_Dovzhenko","Capture","2002"
"05/17/2003","Diane O'Dell","https://skdb.fandom.com/wiki/Diane_O%27Dell","Capture","2003"
"05/17/2013","Felix Vail","https://skdb.fandom.com/wiki/Felix_Vail","Capture","2013"
"05/18/1921","Emil Schutte","https://skdb.fandom.com/wiki/Emil_Schutte","Capture","1921"
"05/18/1977","Montie Rissell","https://skdb.fandom.com/wiki/Montie_Rissell","Capture","1977"
"05/18/1981","Laron Williams","https://skdb.fandom.com/wiki/Laron_Williams","Capture","1981"
"05/18/1986","Michael Lupo","https://skdb.fandom.com/wiki/Michael_Lupo","Capture","1986"
"05/18/1991","Eugene Broxton","https://skdb.fandom.com/wiki/Eugene_Broxton","Capture","1991"
"05/18/2000","Sanjay Sharma","https://skdb.fandom.com/wiki/Sanjay_Sharma","Capture","2000"
"05/19/1950","Stanley Buckowski","https://skdb.fandom.com/wiki/Stanley_Buckowski","Capture","1950"
"05/19/1808","Andreas Bichel","https://skdb.fandom.com/wiki/Andreas_Bichel","Capture","1808"
"05/19/1971","Wayne Boden","https://skdb.fandom.com/wiki/Wayne_Boden","Capture","1971"
"05/19/1988","José Antonio Rodríguez Vega","https://skdb.fandom.com/wiki/Jos%C3%A9_Antonio_Rodr%C3%ADguez_Vega","Capture","1988"
"05/19/2010","Su Hong","https://skdb.fandom.com/wiki/Su_Hong","Capture","2010"
"05/19/2024","José Jurado Montilla","https://skdb.fandom.com/wiki/Jos%C3%A9_Jurado_Montilla","Capture","2024"
"05/20/1998","Eric Matthews","https://skdb.fandom.com/wiki/Eric_Matthews","Capture","1998"
"05/20/1999","Robert Wagner","https://skdb.fandom.com/wiki/Robert_Wagner","Capture","1999"
"05/21/1913","John Wesley Robinson","https://skdb.fandom.com/wiki/John_Wesley_Robinson","Capture","1913"
"05/21/1997","Frederick Cox","https://skdb.fandom.com/wiki/Frederick_Cox","Capture","1997"
"05/21/1997","Igor Yuferev","https://skdb.fandom.com/wiki/Igor_Yuferev","Capture","1997"
"05/21/1999","John Bunting","https://skdb.fandom.com/wiki/John_Bunting","Capture","1999"
"05/21/2009","Sherzod Zakirov","https://skdb.fandom.com/wiki/Sherzod_Zakirov","Capture","2009"
"05/22/1942","Eddie Leonski","https://skdb.fandom.com/wiki/Eddie_Leonski","Capture","1942"
"05/22/1980","Richard Cottingham","https://skdb.fandom.com/wiki/Richard_Cottingham","Capture","1980"
"05/22/1985","Jiří Straka","https://skdb.fandom.com/wiki/Ji%C5%99%C3%AD_Straka","Capture","1985"
"05/22/1990","Arthur Gatter","https://skdb.fandom.com/wiki/Arthur_Gatter","Capture","1990"
"05/22/1994","Ivan Milat","https://skdb.fandom.com/wiki/Ivan_Milat","Capture","1994"
"05/22/2013","Mark Smich","https://skdb.fandom.com/wiki/Mark_Smich","Capture","2013"
"05/23/1979","James Miller","https://skdb.fandom.com/wiki/James_Miller","Capture","1979"
"05/23/1980","David Van Dyke","https://skdb.fandom.com/wiki/David_Van_Dyke","Capture","1980"
"05/23/1982","Carl Watts","https://skdb.fandom.com/wiki/Carl_Watts","Capture","1982"
"05/23/2018","Agustín Ramón Martínez","https://skdb.fandom.com/wiki/Agust%C3%ADn_Ram%C3%B3n_Mart%C3%ADnez","Capture","2018"
"05/24/1930","Peter Kürten","https://skdb.fandom.com/wiki/Peter_K%C3%BCrten","Capture","1930"
"05/24/1973","Pedro Rodrigues Filho","https://skdb.fandom.com/wiki/Pedro_Rodrigues_Filho","Capture","1973"
"05/24/1992","Tony Lee Walker","https://skdb.fandom.com/wiki/Tony_Lee_Walker","Capture","1992"
"05/24/1992","Leslie Allen Williams","https://skdb.fandom.com/wiki/Leslie_Allen_Williams","Capture","1992"
"05/24/2003","Chen Yongfeng","https://skdb.fandom.com/wiki/Chen_Yongfeng","Capture","2003"
"05/24/2007","Dmitry Voronenko","https://skdb.fandom.com/wiki/Dmitry_Voronenko","Capture","2007"
"05/24/2010","Stephen Griffiths","https://skdb.fandom.com/wiki/Stephen_Griffiths","Capture","2010"
"05/24/2010","Serhiy Steblyakov","https://skdb.fandom.com/wiki/Serhiy_Steblyakov","Capture","2010"
"05/24/2022","Douglas Thomas","https://skdb.fandom.com/wiki/Douglas_Thomas","Capture","2022"
"05/25/1968","Stanley Rice","https://skdb.fandom.com/wiki/Stanley_Rice","Capture","1968"
"05/25/1969","Jerry Brudos","https://skdb.fandom.com/wiki/Jerry_Brudos","Capture","1969"
"05/25/2014","Roman Kobyzev","https://skdb.fandom.com/wiki/Roman_Kobyzev","Capture","2014"
"05/25/2023","Heather Pressdee","https://skdb.fandom.com/wiki/Heather_Pressdee","Capture","2023"
"05/25/2024","Karim Salim","https://skdb.fandom.com/wiki/Karim_Salim","Capture","2024"
"05/26/1971","Juan Corona","https://skdb.fandom.com/wiki/Juan_Corona","Capture","1971"
"05/26/1980","Stephen Wayne Anderson","https://skdb.fandom.com/wiki/Stephen_Wayne_Anderson","Capture","1980"
"05/26/1984","Mauricio Silva","https://skdb.fandom.com/wiki/Mauricio_Silva","Capture","1984"
"05/26/1987","Robert Dean Weeks","https://skdb.fandom.com/wiki/Robert_Dean_Weeks","Capture","1987"
"05/27/1998","Gary Evans","https://skdb.fandom.com/wiki/Gary_Evans","Capture","1998"
"05/27/2003","Derrick Todd Lee","https://skdb.fandom.com/wiki/Derrick_Todd_Lee","Capture","2003"
"05/27/2015","James Fairweather","https://skdb.fandom.com/wiki/James_Fairweather","Capture","2015"
"05/27/2018","Stewart Weldon","https://skdb.fandom.com/wiki/Stewart_Weldon","Capture","2018"
"05/27/2024","Carloes Andrés Rivera","https://skdb.fandom.com/wiki/Carloes_Andr%C3%A9s_Rivera","Capture","2024"
"05/28/1938","Robert Nixon","https://skdb.fandom.com/wiki/Robert_Nixon","Capture","1938"
"05/28/2009","Nikolai Chigirinsky","https://skdb.fandom.com/wiki/Nikolai_Chigirinsky","Capture","2009"
"05/29/1905","Otokosaburo Noguchi","https://skdb.fandom.com/wiki/Otokosaburo_Noguchi","Capture","1905"
"05/29/1987","Louis Craine","https://skdb.fandom.com/wiki/Louis_Craine","Capture","1987"
"05/29/1996","Andre Luiz Cassimiro","https://skdb.fandom.com/wiki/Andre_Luiz_Cassimiro","Capture","1996"
"05/29/2005","Nicolai Bonner","https://skdb.fandom.com/wiki/Nicolai_Bonner","Capture","2005"
"05/29/2016","Kim Hak-bong","https://skdb.fandom.com/wiki/Kim_Hak-bong","Capture","2016"
"05/29/2021","José Tiago Soroka","https://skdb.fandom.com/wiki/Jos%C3%A9_Tiago_Soroka","Capture","2021"
"05/29/2023","Raul Meza","https://skdb.fandom.com/wiki/Raul_Meza","Capture","2023"
"05/30/1976","Robert Frederick Carr","https://skdb.fandom.com/wiki/Robert_Frederick_Carr","Capture","1976"
"05/30/2001","Richard Rogers","https://skdb.fandom.com/wiki/Richard_Rogers","Capture","2001"
"05/30/2007","Amarjeet Sada","https://skdb.fandom.com/wiki/Amarjeet_Sada","Capture","2007"
"05/31/1991","Joseph Akin","https://skdb.fandom.com/wiki/Joseph_Akin","Capture","1991"
"05/01/1947","Ed Gein","https://skdb.fandom.com/wiki/Ed_Gein","Victim Murdered","1947"
"05/01/1987","Tommy Lynn Sells","https://skdb.fandom.com/wiki/Tommy_Lynn_Sells","Victim Murdered","1987"
"05/01/2010","Long Island Serial Killer","https://skdb.fandom.com/wiki/Long_Island_Serial_Killer","Victim Murdered","2010"
"05/02/1815","Gesche Gottfried","https://skdb.fandom.com/wiki/Gesche_Gottfried","Victim Murdered","1815"
"05/02/1983","Jack Jones","https://skdb.fandom.com/wiki/Jack_Jones","Victim Murdered","1983"
"05/02/1987","Frank A. Walls","https://skdb.fandom.com/wiki/Frank_A._Walls","Victim Murdered","1987"
"05/02/1987","Lee Choon-jae","https://skdb.fandom.com/wiki/Lee_Choon-jae","Victim Murdered","1987"
"05/02/1999","Ángel Reséndiz","https://skdb.fandom.com/wiki/%C3%81ngel_Res%C3%A9ndiz","Victim Murdered","1999"
"05/03/1886","Mary Ann Britland","https://skdb.fandom.com/wiki/Mary_Ann_Britland","Victim Murdered","1886"
"05/03/1983","Gary Ridgway","https://skdb.fandom.com/wiki/Gary_Ridgway","Victim Murdered","1983"
"05/03/1989","Ray and Faye Copeland","https://skdb.fandom.com/wiki/Ray_and_Faye_Copeland","Victim Murdered","1989"
"05/03/1992","I-70 Killer","https://skdb.fandom.com/wiki/I-70_Killer","Victim Murdered","1992"
"05/03/2014","Neal Falls","https://skdb.fandom.com/wiki/Neal_Falls","Victim Murdered","2014"
"05/04/1986","Joseph DeAngelo","https://skdb.fandom.com/wiki/Joseph_DeAngelo","Victim Murdered","1986"
"05/04/1986","Jerry McFadden","https://skdb.fandom.com/wiki/Jerry_McFadden","Victim Murdered","1986"
"05/04/1994","Gary Ray Bowles","https://skdb.fandom.com/wiki/Gary_Ray_Bowles","Victim Murdered","1994"
"05/04/2006","Anthony Kirkland","https://skdb.fandom.com/wiki/Anthony_Kirkland","Victim Murdered","2006"
"05/05/1977","Montie Rissell","https://skdb.fandom.com/wiki/Montie_Rissell","Victim Murdered","1977"
"05/05/1986","François Vérove","https://skdb.fandom.com/wiki/Fran%C3%A7ois_V%C3%A9rove","Victim Murdered","1986"
"05/05/2001","Michel Fourniret","https://skdb.fandom.com/wiki/Michel_Fourniret","Victim Murdered","2001"
"05/05/2004","Yoo Young-chul","https://skdb.fandom.com/wiki/Yoo_Young-chul","Victim Murdered","2004"
"05/05/2005","K P Jayanandan","https://skdb.fandom.com/wiki/K_P_Jayanandan","Victim Murdered","2005"
"05/06/1966","Jürgen Bartsch","https://skdb.fandom.com/wiki/J%C3%BCrgen_Bartsch","Victim Murdered","1966"
"05/06/1974","Ted Bundy","https://skdb.fandom.com/wiki/Ted_Bundy","Victim Murdered","1974"
"05/06/1975","Ted Bundy","https://skdb.fandom.com/wiki/Ted_Bundy","Victim Murdered","1975"
"05/06/1976","Joachim Knychała","https://skdb.fandom.com/wiki/Joachim_Knycha%C5%82a","Victim Murdered","1976"
"05/06/1978","Gary Handlen","https://skdb.fandom.com/wiki/Gary_Handlen","Victim Murdered","1978"
"05/06/1986","Faryion Wardrip","https://skdb.fandom.com/wiki/Faryion_Wardrip","Victim Murdered","1986"
"05/06/1987","Frank Duane Welch","https://skdb.fandom.com/wiki/Frank_Duane_Welch","Victim Murdered","1987"
"05/07/1968","David Meirhofer","https://skdb.fandom.com/wiki/David_Meirhofer","Victim Murdered","1968"
"05/07/1972","Ed Kemper","https://skdb.fandom.com/wiki/Ed_Kemper","Victim Murdered","1972"
"05/07/1992","I-70 Killer","https://skdb.fandom.com/wiki/I-70_Killer","Victim Murdered","1992"
"05/07/2004","Yoo Young-chul","https://skdb.fandom.com/wiki/Yoo_Young-chul","Victim Murdered","2004"
"05/08/1982","Joachim Knychała","https://skdb.fandom.com/wiki/Joachim_Knycha%C5%82a","Victim Murdered","1982"
"05/08/1983","Randy Kraft","https://skdb.fandom.com/wiki/Randy_Kraft","Victim Murdered","1983"
"05/09/1982","Lorenzo Gilyard","https://skdb.fandom.com/wiki/Lorenzo_Gilyard","Victim Murdered","1982"
"05/09/1993","Joel Rifkin","https://skdb.fandom.com/wiki/Joel_Rifkin","Victim Murdered","1993"
"05/09/2004","Jeong Nam-gyu","https://skdb.fandom.com/wiki/Jeong_Nam-gyu","Victim Murdered","2004"
"05/10/1815","Gesche Gottfried","https://skdb.fandom.com/wiki/Gesche_Gottfried","Victim Murdered","1815"
"05/10/1978","Fred West","https://skdb.fandom.com/wiki/Fred_West","Victim Murdered","1978"
"05/10/1980","William Bonin","https://skdb.fandom.com/wiki/William_Bonin","Victim Murdered","1980"
"05/11/1979","Koos Hertogs","https://skdb.fandom.com/wiki/Koos_Hertogs","Victim Murdered","1979"
"05/11/1981","Wayne Williams","https://skdb.fandom.com/wiki/Wayne_Williams","Victim Murdered","1981"
"05/12/1981","Michael Ross","https://skdb.fandom.com/wiki/Michael_Ross","Victim Murdered","1981"
"05/12/1986","Paul Rhoades","https://skdb.fandom.com/wiki/Paul_Rhoades","Victim Murdered","1986"
"05/12/1992","Robert Lee Yates","https://skdb.fandom.com/wiki/Robert_Lee_Yates","Victim Murdered","1992"
"05/12/1998","Robert Lee Yates","https://skdb.fandom.com/wiki/Robert_Lee_Yates","Victim Murdered","1998"
"05/13/1827","Gesche Gottfried","https://skdb.fandom.com/wiki/Gesche_Gottfried","Victim Murdered","1827"
"05/13/1978","John Wayne Gacy","https://skdb.fandom.com/wiki/John_Wayne_Gacy","Victim Murdered","1978"
"05/13/1984","Bobby Joe Long","https://skdb.fandom.com/wiki/Bobby_Joe_Long","Victim Murdered","1984"
"05/13/1994","Gary Ray Bowles","https://skdb.fandom.com/wiki/Gary_Ray_Bowles","Victim Murdered","1994"
"05/14/1886","Mary Ann Britland","https://skdb.fandom.com/wiki/Mary_Ann_Britland","Victim Murdered","1886"
"05/14/1971","Gennady Mikhasevich","https://skdb.fandom.com/wiki/Gennady_Mikhasevich","Victim Murdered","1971"
"05/14/1976","John Wayne Gacy","https://skdb.fandom.com/wiki/John_Wayne_Gacy","Victim Murdered","1976"
"05/14/1983","Randy Kraft","https://skdb.fandom.com/wiki/Randy_Kraft","Victim Murdered","1983"
"05/14/1985","Richard Ramirez","https://skdb.fandom.com/wiki/Richard_Ramirez","Victim Murdered","1985"
"05/14/2016","Billy Chemirmir","https://skdb.fandom.com/wiki/Billy_Chemirmir","Victim Murdered","2016"
"05/14/2023","Efraín Sarmiento Cuero","https://skdb.fandom.com/wiki/CUERO_Efra%C3%ADn_Sarmiento","Victim Murdered","2023"
"05/15/1827","Gesche Gottfried","https://skdb.fandom.com/wiki/Gesche_Gottfried","Victim Murdered","1827"
"05/15/1894","Martha Needle","https://skdb.fandom.com/wiki/Martha_Needle","Victim Murdered","1894"
"05/15/1981","Lemuel Smith","https://skdb.fandom.com/wiki/Lemuel_Smith","Victim Murdered","1981"
"05/15/1982","Ripper Crew","https://skdb.fandom.com/wiki/Ripper_Crew","Victim Murdered","1982"
"05/15/1985","Paul Rhoades","https://skdb.fandom.com/wiki/Paul_Rhoades","Victim Murdered","1985"
"05/15/1990","Robert Lee Yates","https://skdb.fandom.com/wiki/Robert_Lee_Yates","Victim Murdered","1990"
"05/15/2021","Keith Gibson","https://skdb.fandom.com/wiki/Keith_Gibson","Victim Murdered","2021"
"05/16/1944","Ed Gein","https://skdb.fandom.com/wiki/Ed_Gein","Victim Murdered","1944"
"05/16/1978","Peter Sutcliffe","https://skdb.fandom.com/wiki/Peter_Sutcliffe","Victim Murdered","1978"
"05/16/1981","Charles Albanese","https://skdb.fandom.com/wiki/Charles_Albanese","Victim Murdered","1981"
"05/16/1984","Martin Priest","https://skdb.fandom.com/wiki/Martin_Priest","Victim Murdered","1984"
"05/16/1990","Michel Fourniret","https://skdb.fandom.com/wiki/Michel_Fourniret","Victim Murdered","1990"
"05/16/1996","Robert Boyd Rhoades","https://skdb.fandom.com/wiki/Robert_Boyd_Rhoades","Victim Murdered","1996"
"05/16/2000","Michel Fourniret","https://skdb.fandom.com/wiki/Michel_Fourniret","Victim Murdered","2000"
"05/17/1971","Wayne Boden","https://skdb.fandom.com/wiki/Wayne_Boden","Victim Murdered","1971"
"05/17/1975","Gennady Mikhasevich","https://skdb.fandom.com/wiki/Gennady_Mikhasevich","Victim Murdered","1975"
"05/17/1980","Dennis Nilsen","https://skdb.fandom.com/wiki/Dennis_Nilsen","Victim Murdered","1980"
"05/17/2002","Sergei Dovzhenko","https://skdb.fandom.com/wiki/Sergei_Dovzhenko","Victim Murdered","2002"
"05/17/2005","Juan Covington","https://skdb.fandom.com/wiki/Juan_Covington","Victim Murdered","2005"
"05/18/1815","Gesche Gottfried","https://skdb.fandom.com/wiki/Gesche_Gottfried","Victim Murdered","1815"
"05/18/1980","Wayne Williams","https://skdb.fandom.com/wiki/Wayne_Williams","Victim Murdered","1980"
"05/18/1983","Larry Eyler","https://skdb.fandom.com/wiki/Larry_Eyler","Victim Murdered","1983"
"05/18/1986","John Duffy","https://skdb.fandom.com/wiki/John_Duffy","Victim Murdered","1986"
"05/18/1986","David Mulcahy","https://skdb.fandom.com/wiki/David_Mulcahy","Victim Murdered","1986"
"05/18/1994","Gary Ray Bowles","https://skdb.fandom.com/wiki/Gary_Ray_Bowles","Victim Murdered","1994"
"05/19/1967","Lee Roy Martin","https://skdb.fandom.com/wiki/Lee_Roy_Martin","Victim Murdered","1967"
"05/19/1969","Leroy Snyder","https://skdb.fandom.com/wiki/Leroy_Snyder","Victim Murdered","1969"
"05/19/1980","Robert Hansen","https://skdb.fandom.com/wiki/Robert_Hansen","Victim Murdered","1980"
"05/19/1980","William Bonin","https://skdb.fandom.com/wiki/William_Bonin","Victim Murdered","1980"
"05/19/1982","Michael Sharp","https://skdb.fandom.com/wiki/Michael_Sharp","Victim Murdered","1982"
"05/19/1990","Aileen Wuornos","https://skdb.fandom.com/wiki/Aileen_Wuornos","Victim Murdered","1990"
"05/20/1987","Anthony Kirkland","https://skdb.fandom.com/wiki/Anthony_Kirkland","Victim Murdered","1987"
"05/20/1990","Jeffrey Dahmer","https://skdb.fandom.com/wiki/Jeffrey_Dahmer","Victim Murdered","1990"
"05/20/2005","Jeff Davis 8","https://skdb.fandom.com/wiki/Jeff_Davis_8","Victim Murdered","2005"
"05/20/2010","Camille Cléroux","https://skdb.fandom.com/wiki/Camille_Cl%C3%A9roux","Victim Murdered","2010"
"05/20/2023","Raul Meza","https://skdb.fandom.com/wiki/MEZA_Raul_Jr.","Victim Murdered","2023"
"05/21/1972","Dean Corll","https://skdb.fandom.com/wiki/Dean_Corll","Victim Murdered","1972"
"05/21/1990","Cleophus Prince Jr.","https://skdb.fandom.com/wiki/Cleophus_Prince_Jr.","Victim Murdered","1990"
"05/21/2010","Stephen Griffiths","https://skdb.fandom.com/wiki/Stephen_Griffiths","Victim Murdered","2010"
"05/21/2015","Dariusz Kotwica","https://skdb.fandom.com/wiki/Dariusz_Kotwica","Victim Murdered","2015"
"05/22/1981","Wayne Williams","https://skdb.fandom.com/wiki/Wayne_Williams","Victim Murdered","1981"
"05/22/1983","Gary Ridgway","https://skdb.fandom.com/wiki/Gary_Ridgway","Victim Murdered","1983"
"05/22/1983","Leonard Lake","https://skdb.fandom.com/wiki/Leonard_Lake","Victim Murdered","1983"
"05/22/1983","Charles Ng","https://skdb.fandom.com/wiki/Charles_Ng","Victim Murdered","1983"
"05/22/2001","Gao Chengyong","https://skdb.fandom.com/wiki/Gao_Chengyong","Victim Murdered","2001"
"05/23/1981","Ripper Crew","https://skdb.fandom.com/wiki/Ripper_Crew","Victim Murdered","1981"
"05/23/1983","Gary Ridgway","https://skdb.fandom.com/wiki/Gary_Ridgway","Victim Murdered","1983"
"05/23/1988","Alexander Wayne Watson","https://skdb.fandom.com/wiki/Alexander_Wayne_Watson","Victim Murdered","1988"
"05/23/2001","Gao Chengyong","https://skdb.fandom.com/wiki/Gao_Chengyong","Victim Murdered","2001"
"05/24/1990","Beate Schmidt","https://skdb.fandom.com/wiki/Beate_Schmidt","Victim Murdered","1990"
"05/24/1991","Jeffrey Dahmer","https://skdb.fandom.com/wiki/Jeffrey_Dahmer","Victim Murdered","1991"
"05/24/2003","Ronald Dominique","https://skdb.fandom.com/wiki/Ronald_Dominique","Victim Murdered","2003"
"05/25/1945","Yoshio Kodaira","https://skdb.fandom.com/wiki/Yoshio_Kodaira","Victim Murdered","1945"
"05/25/1984","Douglas Wright","https://skdb.fandom.com/wiki/Douglas_Wright","Victim Murdered","1984"
"05/25/1992","Joel Rifkin","https://skdb.fandom.com/wiki/Joel_Rifkin","Victim Murdered","1992"
"05/25/2010","Stephen Griffiths","https://skdb.fandom.com/wiki/Stephen_Griffiths","Other Event","2010"
"05/26/1888","Sarah Whiteling","https://skdb.fandom.com/wiki/Sarah_Whiteling","Victim Murdered","1888"
"05/26/1895","Jane Toppan","https://skdb.fandom.com/wiki/Jane_Toppan","Victim Murdered","1895"
"05/26/1979","Thor Nis Christiansen","https://skdb.fandom.com/wiki/Thor_Nis_Christiansen","Victim Murdered","1979"
"05/26/1982","Robert Hansen","https://skdb.fandom.com/wiki/Robert_Hansen","Victim Murdered","1982"
"05/26/1986","Michael Hughes","https://skdb.fandom.com/wiki/Michael_Hughes","Victim Murdered","1986"
"05/26/1988","Gao Chengyong","https://skdb.fandom.com/wiki/Gao_Chengyong","Victim Murdered","1988"
"05/27/1960","Sharon Kinne","https://skdb.fandom.com/wiki/Sharon_Kinne","Victim Murdered","1960"
"05/27/1974","Ted Bundy","https://skdb.fandom.com/wiki/Ted_Bundy","Victim Murdered","1974"
"05/27/1984","Bobby Joe Long","https://skdb.fandom.com/wiki/Bobby_Joe_Long","Victim Murdered","1984"
"05/27/1991","Jeffrey Dahmer","https://skdb.fandom.com/wiki/Jeffrey_Dahmer","Victim Murdered","1991"
"05/28/1979","William Bonin","https://skdb.fandom.com/wiki/William_Bonin","Victim Murdered","1979"
"05/28/1990","Gregory Brazel","https://skdb.fandom.com/wiki/Gregory_Brazel","Victim Murdered","1990"
"05/29/1971","Dean Corll","https://skdb.fandom.com/wiki/Dean_Corll","Victim Murdered","1971"
"05/29/1973","William Zamastil","https://skdb.fandom.com/wiki/William_Zamastil","Victim Murdered","1973"
"05/29/1974","Warren Forrest","https://skdb.fandom.com/wiki/Warren_Forrest","Victim Murdered","1974"
"05/29/1982","Ripper Crew","https://skdb.fandom.com/wiki/Ripper_Crew","Victim Murdered","1982"
"05/29/1983","Larry Eyler","https://skdb.fandom.com/wiki/Larry_Eyler","Victim Murdered","1983"
"05/29/1984","Alton Coleman","https://skdb.fandom.com/wiki/Alton_Coleman","Victim Murdered","1984"
"05/29/1984","Debra Brown","https://skdb.fandom.com/wiki/Debra_Brown","Victim Murdered","1984"
"05/29/1985","Richard Ramirez","https://skdb.fandom.com/wiki/Richard_Ramirez","Victim Murdered","1985"
"05/30/1969","Ted Bundy","https://skdb.fandom.com/wiki/Ted_Bundy","Victim Murdered","1969"
"05/30/1999","Sean Vincent Gillis","https://skdb.fandom.com/wiki/Sean_Vincent_Gillis","Victim Murdered","1999"
"05/30/2005","Jeong Nam-gyu","https://skdb.fandom.com/wiki/Jeong_Nam-gyu","Victim Murdered","2005"
"05/31/1974","Warren Forrest","https://skdb.fandom.com/wiki/Warren_Forrest","Victim Murdered","1974"
"05/31/1978","John Benjamin Kennedy Jr.","https://skdb.fandom.com/wiki/John_Benjamin_Kennedy_Jr.","Victim Murdered","1978"
"05/31/1983","Gary Ridgway","https://skdb.fandom.com/wiki/Gary_Ridgway","Victim Murdered","1983"
"05/31/1985","Larry Bell","https://skdb.fandom.com/wiki/Larry_Bell","Victim Murdered","1985"
"05/31/1990","Aileen Wuornos","https://skdb.fandom.com/wiki/Aileen_Wuornos","Victim Murdered","1990"
"05/01/1980","William Bonin","https://skdb.fandom.com/wiki/William_Bonin","Other Event","1980"
"05/02/1986","Gary Ridgway","https://skdb.fandom.com/wiki/Gary_Ridgway","Other Event","1986"
"05/03/2007","Ronald Janssen","https://skdb.fandom.com/wiki/Ronald_Janssen","Other Event","2007"
"05/05/1986","Jerry McFadden","https://skdb.fandom.com/wiki/Jerry_McFadden","Other Event","1986"
"05/05/1990","Leonard Christopher","https://skdb.fandom.com/wiki/Frankford_Slasher#Leonard_Christopher","Other Event","1990"
"05/06/1978","John Wayne Gacy","https://skdb.fandom.com/wiki/John_Wayne_Gacy","Other Event","1978"
"05/07/1984","Larry Eyler","https://skdb.fandom.com/wiki/Larry_Eyler","Other Event","1984"
"05/07/2018","Shawn Michael Grate","https://skdb.fandom.com/wiki/Shawn_Michael_Grate","Other Event","2018"
"05/08/1983","Gary Ridgway","https://skdb.fandom.com/wiki/Gary_Ridgway","Other Event","1983"
"05/09/1978","Warren Forrest","https://skdb.fandom.com/wiki/Warren_Forrest","Other Event","1978"
"05/09/1983","Larry Eyler","https://skdb.fandom.com/wiki/Larry_Eyler","Other Event","1983"
"05/09/1984","Robert Hansen","https://skdb.fandom.com/wiki/Robert_Hansen","Other Event","1984"
"05/09/1987","Lee Choon-jae","https://skdb.fandom.com/wiki/Lee_Choon-jae","Other Event","1987"
"05/10/1986","Jerry McFadden","https://skdb.fandom.com/wiki/Jerry_McFadden","Other Event","1986"
"05/12/1979","Billy Lee Chadd","https://skdb.fandom.com/wiki/CHADD_Billy_Lee","Other Event","1979"
"05/14/1983","Richard Kuklinski","https://skdb.fandom.com/wiki/Richard_Kuklinski","Other Event","1983"
"05/14/1985","Richard Ramirez","https://skdb.fandom.com/wiki/Richard_Ramirez","Other Event","1985"
"05/15/1979","Koos Hertogs","https://skdb.fandom.com/wiki/Koos_Hertogs","Other Event","1979"
"05/15/1990","Donna Perry","https://skdb.fandom.com/wiki/Donna_Perry","Other Event","1990"
"05/15/1992","Aileen Wuornos","https://skdb.fandom.com/wiki/Aileen_Wuornos","Other Event","1992"
"05/17/1977","Montie Rissell","https://skdb.fandom.com/wiki/Montie_Rissell","Other Event","1977"
"05/17/1990","Michel Fourniret","https://skdb.fandom.com/wiki/Michel_Fourniret","Other Event","1990"
"05/17/1996","Robert Boyd Rhoades","https://skdb.fandom.com/wiki/Robert_Boyd_Rhoades","Other Event","1996"
"05/18/1971","Wayne Boden","https://skdb.fandom.com/wiki/Wayne_Boden","Other Event","1971"
"05/18/1980","William Bonin","https://skdb.fandom.com/wiki/William_Bonin","Other Event","1980"
"05/19/1980","William Bonin","https://skdb.fandom.com/wiki/William_Bonin","Other Event","1980"
"05/20/1980","William Bonin","https://skdb.fandom.com/wiki/William_Bonin","Other Event","1980"
"05/23/1978","John Wayne Gacy","https://skdb.fandom.com/wiki/John_Wayne_Gacy","Other Event","1978"
"05/25/2007","Green River Killer","https://skdb.fandom.com/wiki/Green_River_Killer","Other Event","2007"
"05/26/1984","Gary Ridgway","https://skdb.fandom.com/wiki/Gary_Ridgway","Other Event","1984"
"05/29/1985","Richard Ramirez","https://skdb.fandom.com/wiki/Richard_Ramirez","Other Event","1985"
"05/30/1985","Richard Ramirez","https://skdb.fandom.com/wiki/Richard_Ramirez","Other Event","1985"
"05/30/1988","Gary Ridgway","https://skdb.fandom.com/wiki/Gary_Ridgway","Other Event","1988"
"05/31/1974","Brenda Ball","https://skdb.fandom.com/wiki/Brenda_Ball","Other Event","1974"
"05/00/1860","Dennis Dilda","https://skdb.fandom.com/wiki/Dennis_Dilda","Birth","1860"
"05/00/1959","Sukhwinder Dhillon","https://skdb.fandom.com/wiki/Sukhwinder_Dhillon","Birth","1959"
"05/00/1973","Cai Bin","https://skdb.fandom.com/wiki/Cai_Bin","Birth","1973"
"05/00/1981","Dmitry Medvedev","https://skdb.fandom.com/wiki/Dmitry_Medvedev","Birth","1981"
"05/00/2017","Roland Kübler","https://skdb.fandom.com/wiki/Roland_K%C3%BCbler","Death","2017"
"05/00/1912","J. Frank Hickey","https://skdb.fandom.com/wiki/J._Frank_Hickey","Capture","1912"
"05/00/1921","Lyda Southard","https://skdb.fandom.com/wiki/Lyda_Southard","Capture","1921"
"05/00/1963","William MacDonald","https://skdb.fandom.com/wiki/William_MacDonald","Capture","1963"
"05/00/1982","Joachim Knychała","https://skdb.fandom.com/wiki/Joachim_Knycha%C5%82a","Capture","1982"
"05/00/1986","Mikhail Makarov","https://skdb.fandom.com/wiki/Mikhail_Makarov","Capture","1986"
"05/00/1994","Robert Napper","https://skdb.fandom.com/wiki/Robert_Napper","Capture","1994"
"05/00/1996","Donald Broadnax","https://skdb.fandom.com/wiki/Donald_Broadnax","Capture","1996"
"05/00/1998","Yevgeny Nagorny","https://skdb.fandom.com/wiki/Yevgeny_Nagorny","Capture","1998"
"05/00/2000","Bas-Congo Throatcutter","https://skdb.fandom.com/wiki/Bas-Congo_Throatcutter","Capture","2000"
"05/00/2000","Ynobe Matthews","https://skdb.fandom.com/wiki/Ynobe_Matthews","Capture","2000"
"05/00/2002","Nasser Kara","https://skdb.fandom.com/wiki/Nasser_Kara","Capture","2002"
"05/00/2003","Chen Jui-chin","https://skdb.fandom.com/wiki/Chen_Jui-chin","Capture","2003"
"05/00/2005","William Devin Howell","https://skdb.fandom.com/wiki/William_Devin_Howell","Capture","2005"
"05/00/2007","Larry D. Hubbard","https://skdb.fandom.com/wiki/Larry_D._Hubbard","Capture","2007"
"05/00/2007","Chandrakant Jha","https://skdb.fandom.com/wiki/Chandrakant_Jha","Capture","2007"
"05/00/2008","Betty Neumar","https://skdb.fandom.com/wiki/Betty_Neumar","Capture","2008"
"05/00/2012","Polatbay Berdaliyev","https://skdb.fandom.com/wiki/Polatbay_Berdaliyev","Capture","2012"
"05/00/2012","Abduseit Ormanov","https://skdb.fandom.com/wiki/Abduseit_Ormanov","Capture","2012"
"05/00/2014","Vladimir Kolebin","https://skdb.fandom.com/wiki/Vladimir_Kolebin","Capture","2014"
"05/00/2015","David Virgulák","https://skdb.fandom.com/wiki/David_Virgul%C3%A1k","Capture","2015"
"05/00/2021","Richard Bradley","https://skdb.fandom.com/wiki/Richard_Bradley","Capture","2021"
"05/00/2023","Michael Coleman","https://skdb.fandom.com/wiki/Michael_Coleman","Capture","2023"
"05/00/2024","Monu Kumar","https://skdb.fandom.com/wiki/Monu_Kumar","Capture","2024"
"05/00/1992","Joseph Naso","https://skdb.fandom.com/wiki/Joseph_Naso","Victim Murdered","1992"
"05/00/1999","Ronald Dominique","https://skdb.fandom.com/wiki/Ronald_Dominique","Victim Murdered","1999"
"05/00/2006","Shawn Michael Grate","https://skdb.fandom.com/wiki/Shawn_Michael_Grate","Victim Murdered","2006"
"05/00/2007","Jeff Davis 8","https://skdb.fandom.com/wiki/Jeff_Davis_8","Victim Murdered","2007"
"05/00/2007","Anthony Sowell","https://skdb.fandom.com/wiki/Anthony_Sowell","Victim Murdered","2007"
"05/00/2008","Jeff Davis 8","https://skdb.fandom.com/wiki/Jeff_Davis_8","Victim Murdered","2008"
